3 0 11
3 1 1
3 2 56
3 3 14
3 4 8
3 5 8
3 6 21
3 7 12
3 8 20
3 9 2
3 10 2
3 11 30
3 12 6
3 13 22
3 14 56
3 15 18
3 16 8
3 17 4
3 18 11
3 20 7
3 21 3
3 22 4
3 23 10
3 24 8
3 25 8
3 26 21
3 27 8
3 28 10
3 29 15
3 30 11
3 31 4
3 32 5
3 33 7
3 34 12
3 35 10
3 36 10
3 37 15
3 38 19
3 39 18
3 40 19
3 41 31
3 42 9
3 43 7
3 44 17
3 45 13
3 46 4
3 47 10
3 48 1
3 49 11
3 50 15
3 51 9
3 52 7
3 53 4
3 54 25
3 55 13
3 56 5
3 57 22
3 58 18
3 59 8
3 60 174
3 61 13
3 62 21
3 63 11
3 64 9
3 65 2
3 66 24
3 67 9
3 68 9
3 69 3
3 70 17
3 71 12
3 72 25
3 73 12
3 74 4
3 75 16
3 76 9
3 77 18
3 78 61
3 79 8
3 80 15
3 81 11
3 82 27
3 83 22
3 84 8
3 85 13
3 86 9
3 87 15
3 88 25
3 89 22
3 90 32
3 91 22
3 92 22
3 93 18
3 94 5
3 95 10
3 96 8
3 97 9
3 98 12
3 99 18
3 100 1
3 101 17
3 102 1
3 103 9
3 104 9
3 105 5
3 106 4
3 107 7
3 108 16
3 109 18
3 110 4
3 111 10
3 112 17
3 113 7
3 114 3
3 115 7
3 116 2
3 117 9
3 118 12
3 119 11
3 120 7
3 121 7
3 122 12
3 123 34
3 124 12
3 125 9
3 126 12
3 127 3
3 128 13
3 129 13
3 130 13
3 131 24
3 132 3
3 133 21
3 134 17
3 135 11
3 136 6
3 137 7
3 138 4
3 139 9
3 140 21
3 141 12
3 142 9
3 143 10
3 144 17
3 145 12
3 146 10
3 147 1
3 148 18
3 149 11
3 150 5
3 151 1
3 152 19
3 153 19
3 154 8
3 155 3
3 156 7
3 157 38
3 158 10
3 159 11
3 160 5
3 161 18
3 162 11
3 163 13
3 164 13
3 165 15
3 166 16
3 167 31
3 168 26
3 169 7
3 170 4
3 171 13
3 172 2
3 173 7
3 174 25
3 175 22
3 176 2
3 177 3
3 178 9
3 179 6
3 180 8
3 181 3
3 182 7
3 183 26
3 184 7
3 185 17
3 186 27
3 187 11
3 188 12
3 189 9
3 190 3
3 191 30
3 192 14
3 193 10
3 194 13
3 195 4
3 196 13
3 197 6
3 198 16
3 199 28
3 200 7
3 201 8
3 202 12
3 203 4
3 204 6
3 205 15
3 206 19
3 207 14
3 208 4
3 209 3
3 210 10
3 211 14
3 212 18
3 213 12
3 214 12
3 215 8
3 216 10
3 217 27
3 218 10
3 219 10
3 220 8
3 221 13
3 222 92
3 223 6
3 224 3
3 225 5
3 226 13
3 227 10
3 228 5
3 229 14
3 230 4
3 231 7
3 232 10
3 233 11
3 234 16
3 235 18
3 236 11
3 237 8
3 238 21
3 239 8
3 240 3
3 241 15
3 242 11
3 243 20
3 244 12
3 245 25
3 246 33
3 247 7
3 248 55
3 249 9
3 250 8
3 251 3
3 252 15
3 253 11
3 254 18
3 255 2
4 0 1
4 1 19
4 2 24
4 3 7
4 4 83
4 5 26
4 6 21
4 7 45
4 8 18
4 9 21
4 10 21
4 11 5
4 12 1
4 13 1
4 14 1
4 15 5
4 16 14
4 17 18
4 18 7
4 19 15
4 20 9
4 21 19
4 22 7
4 23 13
4 24 48
4 25 7
4 26 8
4 27 17
4 28 17
4 29 9
4 30 23
4 31 20
4 32 12
4 33 17
4 34 12
4 35 6
4 36 9
4 37 4
4 38 12
4 39 8
4 40 7
4 41 4
4 42 5
4 43 13
4 44 9
4 45 8
4 46 9
4 47 8
4 48 9
4 49 19
4 50 18
4 51 24
4 52 54
4 53 18
4 54 20
4 55 12
4 56 12
4 57 14
4 58 11
4 59 24
4 60 29
4 61 10
4 62 4
4 63 7
4 64 6
4 65 13
4 66 25
4 67 13
4 68 7
4 69 7
4 70 10
4 71 2
4 72 4
4 73 28
4 74 12
4 75 8
4 76 12
4 77 3
4 78 10
4 79 3
4 80 17
4 81 20
4 82 15
4 83 9
4 84 8
4 85 4
4 86 20
4 87 3
4 88 3
4 89 5
4 90 17
4 91 28
4 92 9
4 93 20
4 94 18
4 95 19
4 96 9
4 97 1
4 98 23
4 99 7
4 100 6
4 101 1
4 102 7
4 103 3
4 104 16
4 105 9
4 106 26
4 107 35
4 108 11
4 109 31
4 110 11
4 111 15
4 112 20
4 113 10
4 114 10
4 115 23
4 116 11
4 117 4
4 118 14
4 119 47
4 120 13
4 121 12
4 122 11
4 123 26
4 124 11
4 125 16
4 126 3
4 127 21
4 128 18
4 129 11
4 130 31
4 131 10
4 132 24
4 133 8
4 134 2
4 135 2
4 136 11
4 137 8
4 138 15
4 139 5
4 140 3
4 141 23
4 142 1
4 143 9
4 144 27
4 145 14
4 146 7
4 147 9
4 148 33
4 149 4
4 150 8
4 151 39
4 152 9
4 153 8
4 154 8
4 155 17
4 156 9
4 157 11
4 158 5
4 159 29
4 160 2
4 161 7
4 162 19
4 163 21
4 164 15
4 165 29
4 166 7
4 167 13
4 168 27
4 169 27
4 170 16
4 171 8
4 172 7
4 173 9
4 174 23
4 175 39
4 176 10
4 177 3
4 178 12
4 179 2
4 180 2
4 181 22
4 182 11
4 183 11
4 184 1
4 185 6
4 186 14
4 187 26
4 188 9
4 189 3
4 190 19
4 191 4
4 192 20
4 193 1
4 194 11
4 195 20
4 196 12
4 197 8
4 198 12
4 199 41
4 200 9
4 201 12
4 202 27
4 203 11
4 204 9
4 205 18
4 206 26
4 207 20
4 208 5
4 209 16
4 210 21
4 211 3
4 212 4
4 213 9
4 214 16
4 215 12
4 216 7
4 217 2
4 218 21
4 219 10
4 220 1
4 221 11
4 222 14
4 223 10
4 224 6
4 225 6
4 226 5
4 227 11
4 228 6
4 229 7
4 230 5
4 231 12
4 232 7
4 233 19
4 234 14
4 235 35
4 236 2
4 237 13
4 238 15
4 239 6
4 240 30
4 241 29
4 242 2
4 243 14
4 244 8
4 245 13
4 246 3
4 247 10
4 248 22
4 249 14
4 250 21
4 251 5
4 252 5
4 253 14
4 254 8
4 255 9
5 0 4
5 1 28
5 2 14
5 3 52
5 4 12
5 5 7
5 6 4
5 7 14
5 8 12
5 9 7
5 10 11
5 11 14
5 12 12
5 13 1
5 14 9
5 15 8
5 16 11
5 17 22
5 18 14
5 19 10
5 20 23
5 21 3
5 22 11
5 23 16
5 24 9
5 25 18
5 26 12
5 27 23
5 28 4
5 29 28
5 30 3
5 31 8
5 32 8
5 33 27
5 34 15
5 35 5
5 36 4
5 37 18
5 38 18
5 41 8
5 43 6
5 44 20
5 45 32
5 46 19
5 47 12
5 48 17
5 49 11
5 50 9
5 51 1
5 52 3
5 53 13
5 54 24
5 55 1
5 56 6
5 57 22
5 58 6
5 59 1
5 60 9
5 61 24
5 62 11
5 63 13
5 64 3
5 65 12
5 66 32
5 67 4
5 68 2
5 69 7
5 70 12
5 71 10
5 72 12
5 73 4
5 74 9
5 75 8
5 76 1
5 77 30
5 78 2
5 79 10
5 80 16
5 81 16
5 83 18
5 84 19
5 85 22
5 86 16
5 87 23
5 88 19
5 89 6
5 90 18
5 91 19
5 92 19
5 93 3
5 94 23
5 95 43
5 96 5
5 97 20
5 98 17
5 99 20
5 100 27
5 101 17
5 102 18
5 103 42
5 104 6
5 105 84
5 106 7
5 107 12
5 108 3
5 109 6
5 110 33
5 111 5
5 112 28
5 114 7
5 115 26
5 116 6
5 117 22
5 118 15
5 119 9
5 120 1
5 121 14
5 122 20
5 123 5
5 125 13
5 126 14
5 127 37
5 128 8
5 129 13
5 130 5
5 131 7
5 132 5
5 133 10
5 134 16
5 135 23
5 136 12
5 137 5
5 138 15
5 139 16
5 140 11
5 141 12
5 142 34
5 143 21
5 144 21
5 145 7
5 146 8
5 147 18
5 148 35
5 149 5
5 150 7
5 151 22
5 152 11
5 153 22
5 154 32
5 155 29
5 156 10
5 157 5
5 158 20
5 159 4
5 160 14
5 161 6
5 162 4
5 163 11
5 164 19
5 165 19
5 166 9
5 167 1
5 168 9
5 170 13
5 171 18
5 172 29
5 173 6
5 174 28
5 175 35
5 176 6
5 177 12
5 178 3
5 179 2
5 180 18
5 181 8
5 182 14
5 183 23
5 184 10
5 185 7
5 186 6
5 187 11
5 188 3
5 189 33
5 190 17
5 191 11
5 192 15
5 193 10
5 194 4
5 195 17
5 196 1
5 197 5
5 198 12
5 199 19
5 200 3
5 201 9
5 202 5
5 203 46
5 204 2
5 205 16
5 206 13
5 207 7
5 208 10
5 209 7
5 210 7
5 211 10
5 212 10
5 213 15
5 214 26
5 215 6
5 216 6
5 217 9
5 218 5
5 219 8
5 220 17
5 221 16
5 222 13
5 223 7
5 224 45
5 225 4
5 226 2
5 227 3
5 228 10
5 229 46
5 230 7
5 231 11
5 232 36
5 233 14
5 234 23
5 235 7
5 236 11
5 237 3
5 238 18
5 239 11
5 240 8
5 241 24
5 242 3
5 243 4
5 244 12
5 245 20
5 246 29
5 247 6
5 248 8
5 249 3
5 250 1
5 251 12
5 252 25
5 253 22
5 254 18
5 255 16
6 0 7
6 1 25
6 3 8
6 4 7
6 5 4
6 6 12
6 7 6
6 8 9
6 10 22
6 11 19
6 12 24
6 13 9
6 14 4
6 15 5
6 16 30
6 17 3
6 18 7
6 19 1
6 20 23
6 21 19
6 22 14
6 23 8
6 24 19
6 25 10
6 26 4
6 27 29
6 28 11
6 29 4
6 30 5
6 31 4
6 32 16
6 33 6
6 34 13
6 35 23
6 36 25
6 37 28
6 38 21
6 39 14
6 40 14
6 41 13
6 42 11
6 43 11
6 44 42
6 45 16
6 46 17
6 47 8
6 48 14
6 49 21
6 50 31
6 51 8
6 52 40
6 53 15
6 54 3
6 55 27
6 56 7
6 57 21
6 58 1
6 59 2
6 60 12
6 61 2
6 62 8
6 63 15
6 64 29
6 65 2
6 66 12
6 67 13
6 68 30
6 69 6
6 70 10
6 71 11
6 72 17
6 73 20
6 74 4
6 75 40
6 76 19
6 77 9
6 78 16
6 79 4
6 80 15
6 81 3
6 82 24
6 83 28
6 84 12
6 85 11
6 86 11
6 87 15
6 88 4
6 89 2
6 90 36
6 91 4
6 92 11
6 93 8
6 94 36
6 95 6
6 96 16
6 97 6
6 98 40
6 99 14
6 100 2
6 101 36
6 102 15
6 103 5
6 104 14
6 105 17
6 106 13
6 107 14
6 108 4
6 109 22
6 110 7
6 111 5
6 112 3
6 113 8
6 114 10
6 115 11
6 116 7
6 117 21
6 118 51
6 119 36
6 120 4
6 121 15
6 122 3
6 123 5
6 124 21
6 125 4
6 126 25
6 127 5
6 128 4
6 129 6
6 130 13
6 131 5
6 132 2
6 133 7
6 134 7
6 135 11
6 136 33
6 137 18
6 138 9
6 139 13
6 140 12
6 141 37
6 142 13
6 143 8
6 144 24
6 145 8
6 146 5
6 147 8
6 148 15
6 149 7
6 150 10
6 151 16
6 152 21
6 153 21
6 154 2
6 155 8
6 156 8
6 157 7
6 158 14
6 159 1
6 160 19
6 161 27
6 162 17
6 163 19
6 164 23
6 165 4
6 166 1
6 167 4
6 168 18
6 169 13
6 170 3
6 171 10
6 172 7
6 173 20
6 175 26
6 176 10
6 177 18
6 178 10
6 179 29
6 180 10
6 181 26
6 182 12
6 183 4
6 184 6
6 185 12
6 186 18
6 187 2
6 188 4
6 189 18
6 190 2
6 191 6
6 192 4
6 193 18
6 194 18
6 195 29
6 196 5
6 197 16
6 198 7
6 199 6
6 200 24
6 201 21
6 202 13
6 203 4
6 204 11
6 205 12
6 206 11
6 207 31
6 208 22
6 209 12
6 210 18
6 211 6
6 212 5
6 213 24
6 214 27
6 215 29
6 216 25
6 217 5
6 218 13
6 219 40
6 220 2
6 221 11
6 222 27
6 223 31
6 224 9
6 225 7
6 226 1
6 227 3
6 228 5
6 229 7
6 230 7
6 231 6
6 232 8
6 233 12
6 234 2
6 235 11
6 236 5
6 237 3
6 238 9
6 239 19
6 240 15
6 241 23
6 242 10
6 243 8
6 244 11
6 245 52
6 246 10
6 247 3
6 248 25
6 249 8
6 250 22
6 251 12
6 252 39
6 253 3
6 254 5
6 255 14
7 0 13
7 1 20
7 2 17
7 3 4
7 4 22
7 5 8
7 6 16
7 7 13
7 8 19
7 9 5
7 10 29
7 11 38
7 12 7
7 13 14
7 14 14
7 15 21
7 16 1
7 17 2
7 18 11
7 19 9
7 20 20
7 21 9
7 22 6
7 23 8
7 24 23
7 25 3
7 26 11
7 27 17
7 28 12
7 29 29
7 30 1
7 31 18
7 32 19
7 33 20
7 34 6
7 35 16
7 36 19
7 37 21
7 38 14
7 39 6
7 40 10
7 41 14
7 42 9
7 43 16
7 44 15
7 45 16
7 46 3
7 47 7
7 48 12
7 49 10
7 50 7
7 51 9
7 52 12
7 53 7
7 54 10
7 55 13
7 56 2
7 57 21
7 58 6
7 59 45
7 61 14
7 62 31
7 64 9
7 65 25
7 66 24
7 67 6
7 68 12
7 69 20
7 70 10
7 71 24
7 72 8
7 73 10
7 75 7
7 76 27
7 77 21
7 78 22
7 79 15
7 80 25
7 81 2
7 82 10
7 83 36
7 84 31
7 85 8
7 86 18
7 87 31
7 88 23
7 89 9
7 90 31
7 91 3
7 92 7
7 93 8
7 94 13
7 95 14
7 96 26
7 97 9
7 98 1
7 99 7
7 100 3
7 101 9
7 102 3
7 103 2
7 104 6
7 105 12
7 106 7
7 107 7
7 108 15
7 109 9
7 110 3
7 111 12
7 112 6
7 113 12
7 114 20
7 115 8
7 116 11
7 117 8
7 118 22
7 119 6
7 120 19
7 121 22
7 122 11
7 123 19
7 124 15
7 125 3
7 126 12
7 127 46
7 128 10
7 129 29
7 130 24
7 131 17
7 132 20
7 133 38
7 134 6
7 135 6
7 136 17
7 137 13
7 138 20
7 139 27
7 140 47
7 141 10
7 142 13
7 143 9
7 144 19
7 145 14
7 146 4
7 147 7
7 148 11
7 149 13
7 150 14
7 151 11
7 152 6
7 153 7
7 154 15
7 155 20
7 156 1
7 157 14
7 158 5
7 159 9
7 160 14
7 161 18
7 162 15
7 163 10
7 164 7
7 165 6
7 166 4
7 167 14
7 168 1
7 169 2
7 170 5
7 171 12
7 172 4
7 173 3
7 174 10
7 175 9
7 176 29
7 177 21
7 178 19
7 179 11
7 180 9
7 181 11
7 183 14
7 184 8
7 185 1
7 186 12
7 187 11
7 188 2
7 189 9
7 190 20
7 191 6
7 192 5
7 193 2
7 194 13
7 195 3
7 196 14
7 197 25
7 198 20
7 199 10
7 200 25
7 201 3
7 202 47
7 203 13
7 204 12
7 205 10
7 206 27
7 207 24
7 208 16
7 209 4
7 210 20
7 211 3
7 212 20
7 213 23
7 214 1
7 215 41
7 216 17
7 217 12
7 218 3
7 219 8
7 220 13
7 221 20
7 222 2
7 223 19
7 224 45
7 226 11
7 227 8
7 228 12
7 229 17
7 230 10
7 231 35
7 232 8
7 233 14
7 234 6
7 235 16
7 236 21
7 237 8
7 238 10
7 239 1
7 240 2
7 241 5
7 242 5
7 243 29
7 244 40
7 245 7
7 246 41
7 247 14
7 248 6
7 249 16
7 250 19
7 251 5
7 252 4
7 253 19
7 254 9
7 255 15
8 0 11
8 1 8
8 2 13
8 3 10
8 4 13
8 5 91
8 8 18
8 9 8
8 10 2
8 11 15
8 12 16
8 13 10
8 14 36
8 15 8
8 16 2
8 17 17
8 18 22
8 19 5
8 21 45
8 22 11
8 24 2
8 25 15
8 26 14
8 28 10
8 29 25
8 30 6
8 31 12
8 32 3
8 33 14
8 34 20
8 35 7
8 36 6
8 37 24
8 38 8
8 39 26
8 40 13
8 41 21
8 42 24
8 43 16
8 44 3
8 45 24
8 46 5
8 47 19
8 48 36
8 49 6
8 50 5
8 51 14
8 52 10
8 53 3
8 54 22
8 55 54
8 56 7
8 57 2
8 58 11
8 59 15
8 60 8
8 61 5
8 62 2
8 63 17
8 65 8
8 66 15
8 67 3
8 68 48
8 69 12
8 70 51
8 71 6
8 73 3
8 74 11
8 75 10
8 76 4
8 77 15
8 78 21
8 79 1
8 80 7
8 81 17
8 82 28
8 83 23
8 84 10
8 85 11
8 86 25
8 87 4
8 88 3
8 89 18
8 90 5
8 91 20
8 92 13
8 93 14
8 94 21
8 95 1
8 96 47
8 97 12
8 98 23
8 99 9
8 100 3
8 101 4
8 102 34
8 104 6
8 105 19
8 107 30
8 108 2
8 109 22
8 110 10
8 111 12
8 112 4
8 113 9
8 114 8
8 115 11
8 116 21
8 118 9
8 119 11
8 120 6
8 121 11
8 122 9
8 123 6
8 124 11
8 125 21
8 126 28
8 127 11
8 128 5
8 129 19
8 130 1
8 131 10
8 132 20
8 133 5
8 134 4
8 135 16
8 136 8
8 137 16
8 138 6
8 139 13
8 140 11
8 141 43
8 142 13
8 143 6
8 144 11
8 145 38
8 146 19
8 148 2
8 149 7
8 150 1
8 151 1
8 152 6
8 153 16
8 155 6
8 156 10
8 157 11
8 158 27
8 159 3
8 160 6
8 161 3
8 162 22
8 163 31
8 164 25
8 165 5
8 166 12
8 167 8
8 168 12
8 169 2
8 170 7
8 171 25
8 172 12
8 173 9
8 174 12
8 175 13
8 176 11
8 177 4
8 178 6
8 179 5
8 180 24
8 181 1
8 182 44
8 183 14
8 184 18
8 185 9
8 186 37
8 187 12
8 188 31
8 189 9
8 190 12
8 191 3
8 192 24
8 193 14
8 194 3
8 195 1
8 196 24
8 197 6
8 198 2
8 199 4
8 201 11
8 202 2
8 203 13
8 204 10
8 205 2
8 206 10
8 207 4
8 208 11
8 209 3
8 210 8
8 211 30
8 212 6
8 213 9
8 214 2
8 215 21
8 216 10
8 217 9
8 218 29
8 219 20
8 220 8
8 221 54
8 222 19
8 223 25
8 224 16
8 225 18
8 226 17
8 227 5
8 228 21
8 229 2
8 230 4
8 231 20
8 232 8
8 233 8
8 234 6
8 235 17
8 236 33
8 237 7
8 238 22
8 239 11
8 240 37
8 241 15
8 242 10
8 243 13
8 244 8
8 246 18
8 247 28
8 248 16
8 249 70
8 250 4
8 251 5
8 252 30
8 253 37
8 254 21
8 255 5
9 0 17
9 1 32
9 2 11
9 3 2
9 4 46
9 5 46
9 6 20
9 7 3
9 9 18
9 10 19
9 11 14
9 12 15
9 13 16
9 14 14
9 15 8
9 16 10
9 17 7
9 18 22
9 19 8
9 20 9
9 21 11
9 22 26
9 23 12
9 24 13
9 25 18
9 26 13
9 27 1
9 28 16
9 29 13
9 30 9
9 31 7
9 32 30
9 33 11
9 34 22
9 35 20
9 36 13
9 37 16
9 38 7
9 39 7
9 40 9
9 41 4
9 42 17
9 44 21
9 45 24
9 46 19
9 47 5
9 48 1
9 49 5
9 50 30
9 51 2
9 52 6
9 53 7
9 54 17
9 55 19
9 56 7
9 58 1
9 59 2
9 60 5
9 61 13
9 62 2
9 63 36
9 64 5
9 65 15
9 66 10
9 67 13
9 68 6
9 69 4
9 70 28
9 72 18
9 73 15
9 74 22
9 75 15
9 76 13
9 77 42
9 78 13
9 79 24
9 80 13
9 81 18
9 82 9
9 83 23
9 84 1
9 85 8
9 86 11
9 87 15
9 88 4
9 89 40
9 90 6
9 91 2
9 92 32
9 93 25
9 95 3
9 96 27
9 98 13
9 99 24
9 100 4
9 101 5
9 102 11
9 103 8
9 104 20
9 105 1
9 106 23
9 107 5
9 108 4
9 109 2
9 110 6
9 111 28
9 112 7
9 113 60
9 115 4
9 116 3
9 117 8
9 118 5
9 119 29
9 120 9
9 121 16
9 122 6
9 123 2
9 124 4
9 125 13
9 126 33
9 127 18
9 128 32
9 129 11
9 130 2
9 131 10
9 132 14
9 133 15
9 135 104
9 136 7
9 137 7
9 138 2
9 139 11
9 140 1
9 141 11
9 142 13
9 143 7
9 144 28
9 145 13
9 146 4
9 147 6
9 149 28
9 150 27
9 151 2
9 152 28
9 153 10
9 154 7
9 155 3
9 156 11
9 157 5
9 158 8
9 159 11
9 160 33
9 161 5
9 162 1
9 163 5
9 164 2
9 165 4
9 166 17
9 168 18
9 169 7
9 170 17
9 171 72
9 172 7
9 173 16
9 174 6
9 175 4
9 176 3
9 177 8
9 178 23
9 179 3
9 180 26
9 181 20
9 182 20
9 183 4
9 184 16
9 185 6
9 186 12
9 187 25
9 188 1
9 189 14
9 190 4
9 192 24
9 193 8
9 194 33
9 195 12
9 196 1
9 197 36
9 198 21
9 199 5
9 200 2
9 201 6
9 202 25
9 203 7
9 204 18
9 205 33
9 206 8
9 207 7
9 208 1
9 210 17
9 211 3
9 212 10
9 213 1
9 214 21
9 215 1
9 216 13
9 217 13
9 218 5
9 219 25
9 220 21
9 221 19
9 222 37
9 223 9
9 224 5
9 225 33
9 226 10
9 227 5
9 229 9
9 230 22
9 231 4
9 232 17
9 233 24
9 234 14
9 235 23
9 236 8
9 237 26
9 238 1
9 239 31
9 240 39
9 241 17
9 242 12
9 243 41
9 245 1
9 246 43
9 247 4
9 248 22
9 249 14
9 250 15
9 251 4
9 252 13
9 253 9
9 254 3
9 255 3
10 1 29
10 2 14
10 3 69
10 4 34
10 5 23
10 6 8
10 7 28
10 8 30
10 9 30
10 10 11
10 11 46
10 13 52
10 14 41
10 15 2
10 16 17
10 17 16
10 19 5
10 20 27
10 22 31
10 23 6
10 24 6
10 25 13
10 26 7
10 27 27
10 29 19
10 30 4
10 31 18
10 32 14
10 33 20
10 34 7
10 35 3
10 36 14
10 37 26
10 38 7
10 39 9
10 40 1
10 41 1
10 42 14
10 43 25
10 44 3
10 45 9
10 46 9
10 47 4
10 48 4
10 49 7
10 50 17
10 51 11
10 52 19
10 53 2
10 55 7
10 56 12
10 57 4
10 58 34
10 59 1
10 60 1
10 61 20
10 62 17
10 63 1
10 64 6
10 65 12
10 68 2
10 69 41
10 71 2
10 72 2
10 74 9
10 75 5
10 76 12
10 78 8
10 79 9
10 80 10
10 81 28
10 82 42
10 83 8
10 84 15
10 85 10
10 86 12
10 87 2
10 88 15
10 90 18
10 91 8
10 92 99
10 93 1
10 94 6
10 95 2
10 96 23
10 98 7
10 100 16
10 101 11
10 102 8
10 103 19
10 104 34
10 106 2
10 107 5
10 108 7
10 109 17
10 110 11
10 111 1
10 112 10
10 113 7
10 115 12
10 116 5
10 117 11
10 118 1
10 119 20
10 120 16
10 121 4
10 122 3
10 124 33
10 125 5
10 126 16
10 128 20
10 129 7
10 130 4
10 131 26
10 132 24
10 133 54
10 134 10
10 135 13
10 136 2
10 137 6
10 138 18
10 139 3
10 140 21
10 141 1
10 142 1
10 143 2
10 144 14
10 145 48
10 146 65
10 147 23
10 148 7
10 149 10
10 151 12
10 152 20
10 153 6
10 154 6
10 155 23
10 156 9
10 157 9
10 158 34
10 159 23
10 160 6
10 161 17
10 162 14
10 163 4
10 165 6
10 166 15
10 169 8
10 170 3
10 171 20
10 172 20
10 173 25
10 175 46
10 176 28
10 177 3
10 179 10
10 180 11
10 181 62
10 183 7
10 184 5
10 185 7
10 186 4
10 188 1
10 189 8
10 190 14
10 191 25
10 192 94
10 193 6
10 194 9
10 195 8
10 196 8
10 197 6
10 199 5
10 200 39
10 201 27
10 202 18
10 203 9
10 204 14
10 205 13
10 206 10
10 207 9
10 208 15
10 209 7
10 210 10
10 211 19
10 212 7
10 213 20
10 214 11
10 215 14
10 216 11
10 217 10
10 218 4
10 219 4
10 220 9
10 221 7
10 222 2
10 223 35
10 224 21
10 225 10
10 226 10
10 227 4
10 228 5
10 229 24
10 230 2
10 231 44
10 232 5
10 234 71
10 235 63
10 236 23
10 237 20
10 238 3
10 239 12
10 240 8
10 241 1
10 242 4
10 245 5
10 246 17
10 247 16
10 248 51
10 249 1
10 250 3
10 251 14
10 253 30
10 255 15
11 1 26
11 4 9
11 6 197
11 9 2
11 10 3
11 11 39
11 12 32
11 13 5
11 14 1
11 15 71
11 16 10
11 17 8
11 18 14
11 19 2
11 20 5
11 21 3
11 23 20
11 24 25
11 25 2
11 28 16
11 29 5
11 30 14
11 31 14
11 32 1
11 33 52
11 35 5
11 36 24
11 37 7
11 39 16
11 40 48
11 41 2
11 42 1
11 43 5
11 44 23
11 45 9
11 46 7
11 47 26
11 48 13
11 50 31
11 51 1
11 52 14
11 53 95
11 54 13
11 55 59
11 56 18
11 57 5
11 58 37
11 60 1
11 61 6
11 62 39
11 63 46
11 64 1
11 65 6
11 66 24
11 68 17
11 70 50
11 71 11
11 72 35
11 73 4
11 74 2
11 76 109
11 77 1
11 78 27
11 80 2
11 81 6
11 83 37
11 84 3
11 85 4
11 86 7
11 88 11
11 89 6
11 90 18
11 91 10
11 92 5
11 93 23
11 94 15
11 95 14
11 96 17
11 97 6
11 98 30
11 99 20
11 100 27
11 101 24
11 102 34
11 103 15
11 104 2
11 106 16
11 107 7
11 108 16
11 109 8
11 110 27
11 111 1
11 113 22
11 114 10
11 115 8
11 116 42
11 117 11
11 118 126
11 119 8
11 120 5
11 121 3
11 122 10
11 123 5
11 124 2
11 125 2
11 126 2
11 127 5
11 128 5
11 129 1
11 131 13
11 133 9
11 134 27
11 137 6
11 138 3
11 139 25
11 140 9
11 141 4
11 142 10
11 143 13
11 145 21
11 146 8
11 148 1
11 149 5
11 150 8
11 151 14
11 152 20
11 153 14
11 154 14
11 155 2
11 157 34
11 158 4
11 159 21
11 162 52
11 164 29
11 165 12
11 166 2
11 167 35
11 168 10
11 171 8
11 172 12
11 173 5
11 175 9
11 176 1
11 177 17
11 178 3
11 179 21
11 180 2
11 181 7
11 183 34
11 184 25
11 185 20
11 186 14
11 187 3
11 188 9
11 189 5
11 190 17
11 191 29
11 192 12
11 194 15
11 195 15
11 198 61
11 199 13
11 200 11
11 201 4
11 203 17
11 204 10
11 205 1
11 206 12
11 207 6
11 209 7
11 210 22
11 211 22
11 213 8
11 214 5
11 215 4
11 216 15
11 217 4
11 218 20
11 219 27
11 220 5
11 222 11
11 223 2
11 224 5
11 225 3
11 226 18
11 227 35
11 228 12
11 229 36
11 231 10
11 233 13
11 234 42
11 235 5
11 236 2
11 237 5
11 238 3
11 239 4
11 240 10
11 241 1
11 242 9
11 243 15
11 244 4
11 245 6
11 246 17
11 247 38
11 248 2
11 249 1
11 251 15
11 252 19
11 253 1
11 254 24
11 255 14
12 0 10
12 1 1
12 2 7
12 4 4
12 6 1
12 7 5
12 8 2
12 9 44
12 10 4
12 13 6
12 14 12
12 17 40
12 19 5
12 21 9
12 22 7
12 23 16
12 24 3
12 25 16
12 28 48
12 30 7
12 31 2
12 32 26
12 33 7
12 34 12
12 35 10
12 38 16
12 40 1
12 41 20
12 42 5
12 43 15
12 45 1
12 46 7
12 47 12
12 48 9
12 50 2
12 51 21
12 53 50
12 55 7
12 57 9
12 58 49
12 63 20
12 64 1
12 65 1
12 66 8
12 67 24
12 69 8
12 70 22
12 71 47
12 72 11
12 73 80
12 74 32
12 75 1
12 76 11
12 77 3
12 78 5
12 79 93
12 80 7
12 81 69
12 83 29
12 86 7
12 87 49
12 88 14
12 89 6
12 90 11
12 91 45
12 92 3
12 93 5
12 95 1
12 98 3
12 99 2
12 100 4
12 101 98
12 103 8
12 104 48
12 105 1
12 107 10
12 108 118
12 109 21
12 110 3
12 112 1
12 113 7
12 114 13
12 115 1
12 117 3
12 118 3
12 119 21
12 120 7
12 121 71
12 122 61
12 123 12
12 124 3
12 126 26
12 128 1
12 129 1
12 130 18
12 131 6
12 132 20
12 133 15
12 136 4
12 137 6
12 138 10
12 139 25
12 140 16
12 141 11
12 142 18
12 143 6
12 145 60
12 147 8
12 148 17
12 149 60
12 150 4
12 151 3
12 153 8
12 154 51
12 155 29
12 157 1
12 158 6
12 160 6
12 162 11
12 164 27
12 166 75
12 167 4
12 168 8
12 170 14
12 171 20
12 172 44
12 173 1
12 174 7
12 175 12
12 176 72
12 177 13
12 179 33
12 180 41
12 181 9
12 182 1
12 183 23
12 184 4
12 185 15
12 186 22
12 190 27
12 191 28
12 192 10
12 193 7
12 194 26
12 195 4
12 196 13
12 197 8
12 198 131
12 200 4
12 201 13
12 203 4
12 204 3
12 205 8
12 206 18
12 208 10
12 209 9
12 210 17
12 211 11
12 212 46
12 213 4
12 214 16
12 217 21
12 218 11
12 223 98
12 224 32
12 225 2
12 226 17
12 227 15
12 229 3
12 230 3
12 231 1
12 232 4
12 233 1
12 234 3
12 235 5
12 236 86
12 237 7
12 238 13
12 239 1
12 241 17
12 242 11
12 244 4
12 245 4
12 246 11
12 247 5
12 248 3
12 250 13
12 251 24
12 252 6
12 253 7
12 254 59
13 0 7
13 1 6
13 2 4
13 3 21
13 4 67
13 5 8
13 6 12
13 7 4
13 8 9
13 9 16
13 10 33
13 11 15
13 12 7
13 13 2
13 14 10
13 15 20
13 16 21
13 17 65
13 18 4
13 19 44
13 20 114
13 21 4
13 22 19
13 23 11
13 24 5
13 25 16
13 27 22
13 28 33
13 29 18
13 30 9
13 31 1
13 32 14
13 33 4
13 34 45
13 35 14
13 36 5
13 37 1
13 38 47
13 39 12
13 40 5
13 41 18
13 44 18
13 46 5
13 47 4
13 48 9
13 49 7
13 50 13
13 51 8
13 52 7
13 53 24
13 54 88
13 55 2
13 56 2
13 57 36
13 58 12
13 59 4
13 60 10
13 61 14
13 62 7
13 63 2
13 64 1
13 65 7
13 66 5
13 68 4
13 69 7
13 70 13
13 71 1
13 73 3
13 75 6
13 76 4
13 79 5
13 80 7
13 81 7
13 82 7
13 83 9
13 84 33
13 85 5
13 86 10
13 87 1
13 88 4
13 89 11
13 90 9
13 91 6
13 92 1
13 93 1
13 94 42
13 95 40
13 96 3
13 97 4
13 99 11
13 100 1
13 103 37
13 104 13
13 105 78
13 107 17
13 108 4
13 109 3
13 110 1
13 111 15
13 112 7
13 113 9
13 114 1
13 115 167
13 116 2
13 120 2
13 121 17
13 122 5
13 123 15
13 125 2
13 127 14
13 129 90
13 130 24
13 132 13
13 133 25
13 135 38
13 136 2
13 137 8
13 138 3
13 139 7
13 141 5
13 142 8
13 143 51
13 144 9
13 145 46
13 147 17
13 148 8
13 149 17
13 150 8
13 151 2
13 152 2
13 154 5
13 155 1
13 156 14
13 157 4
13 158 2
13 159 15
13 160 19
13 161 32
13 162 22
13 164 16
13 166 61
13 167 7
13 168 6
13 169 15
13 170 5
13 172 3
13 173 11
13 174 34
13 175 4
13 176 1
13 177 43
13 178 15
13 179 4
13 180 1
13 181 10
13 182 9
13 183 13
13 184 13
13 185 85
13 186 23
13 188 1
13 189 1
13 191 11
13 192 12
13 194 13
13 195 29
13 196 31
13 197 2
13 198 6
13 199 14
13 200 57
13 201 5
13 203 3
13 204 59
13 205 3
13 206 6
13 207 2
13 208 16
13 209 11
13 210 10
13 211 6
13 213 13
13 214 8
13 215 2
13 216 3
13 217 22
13 218 106
13 219 4
13 220 21
13 222 5
13 223 28
13 224 3
13 225 25
13 226 6
13 227 6
13 228 21
13 229 2
13 230 5
13 232 9
13 233 10
13 235 3
13 236 1
13 237 3
13 238 14
13 239 2
13 240 4
13 241 1
13 242 5
13 243 12
13 244 23
13 246 22
13 247 67
13 248 9
13 249 29
13 250 7
13 251 27
13 252 2
13 253 6
13 254 4
13 255 1
14 0 2
14 1 29
14 2 17
14 3 7
14 4 6
14 5 1
14 7 7
14 8 9
14 9 11
14 10 11
14 11 12
14 12 1
14 14 1
14 17 19
14 18 55
14 19 7
14 20 20
14 21 5
14 22 18
14 23 20
14 24 8
14 25 49
14 26 78
14 28 56
14 29 2
14 30 1
14 32 15
14 33 15
14 34 13
14 35 5
14 36 5
14 37 7
14 38 26
14 40 6
14 41 22
14 42 2
14 43 2
14 44 24
14 45 18
14 46 13
14 47 5
14 49 37
14 50 5
14 51 9
14 53 7
14 55 3
14 58 27
14 60 4
14 61 2
14 62 5
14 65 52
14 66 6
14 67 15
14 68 2
14 69 11
14 70 4
14 71 5
14 72 15
14 75 2
14 76 40
14 77 4
14 78 52
14 79 2
14 80 1
14 81 23
14 82 1
14 83 11
14 84 21
14 85 20
14 86 41
14 89 13
14 90 22
14 91 5
14 92 140
14 93 10
14 94 48
14 95 5
14 96 1
14 98 8
14 99 6
14 100 21
14 102 7
14 103 5
14 105 10
14 106 21
14 107 8
14 108 1
14 110 20
14 111 12
14 112 6
14 113 1
14 114 46
14 115 2
14 117 5
14 119 31
14 121 4
14 122 13
14 127 12
14 128 1
14 129 67
14 130 2
14 131 10
14 132 10
14 133 1
14 135 21
14 137 21
14 138 4
14 139 9
14 140 16
14 141 5
14 142 15
14 143 9
14 144 10
14 146 55
14 147 11
14 148 126
14 149 5
14 150 68
14 152 3
14 153 4
14 154 16
14 155 114
14 156 9
14 157 6
14 158 2
14 161 2
14 162 2
14 164 3
14 165 2
14 166 8
14 167 7
14 168 39
14 169 11
14 170 25
14 171 2
14 172 16
14 174 20
14 175 12
14 177 26
14 178 21
14 179 21
14 180 12
14 181 1
14 182 2
14 184 12
14 185 5
14 186 20
14 187 9
14 188 5
14 189 34
14 190 10
14 191 7
14 192 21
14 194 28
14 195 3
14 196 20
14 197 13
14 198 109
14 199 28
14 201 6
14 202 3
14 203 2
14 204 10
14 205 6
14 206 7
14 207 2
14 208 12
14 209 131
14 210 34
14 212 105
14 215 15
14 216 5
14 217 14
14 218 10
14 219 5
14 221 12
14 222 6
14 223 15
14 225 2
14 226 22
14 229 17
14 230 2
14 232 3
14 236 8
14 237 9
14 238 8
14 239 10
14 240 32
14 241 16
14 243 1
14 244 113
14 245 7
14 246 3
14 247 4
14 248 13
14 249 16
14 250 3
14 251 7
14 252 6
14 253 5
14 254 1
14 255 32
15 0 6
15 1 18
15 3 10
15 4 29
15 5 13
15 8 2
15 9 33
15 10 11
15 11 2
15 12 2
15 13 3
15 14 55
15 15 43
15 16 18
15 17 11
15 18 4
15 20 2
15 21 3
15 22 10
15 24 7
15 25 8
15 26 6
15 27 12
15 28 1
15 29 1
15 31 16
15 32 6
15 33 95
15 34 29
15 36 28
15 37 130
15 38 6
15 39 9
15 40 6
15 41 11
15 44 103
15 48 7
15 49 70
15 50 41
15 52 6
15 53 1
15 54 7
15 57 2
15 58 2
15 59 3
15 60 5
15 62 4
15 63 1
15 65 14
15 67 34
15 68 117
15 69 12
15 70 4
15 71 8
15 72 1
15 73 1
15 74 23
15 76 13
15 77 1
15 79 4
15 81 1
15 84 4
15 86 83
15 87 45
15 90 13
15 91 49
15 92 3
15 93 19
15 94 1
15 96 10
15 98 46
15 99 12
15 100 6
15 101 14
15 103 3
15 105 6
15 106 2
15 108 5
15 109 4
15 111 147
15 112 12
15 113 7
15 114 5
15 115 55
15 118 10
15 121 20
15 122 1
15 123 28
15 124 1
15 125 14
15 126 7
15 127 39
15 128 5
15 129 4
15 130 6
15 131 13
15 132 23
15 133 1
15 134 2
15 135 8
15 137 4
15 139 5
15 140 38
15 141 3
15 142 4
15 144 8
15 147 5
15 148 20
15 149 4
15 150 3
15 151 77
15 154 105
15 156 1
15 157 14
15 158 5
15 159 20
15 160 4
15 161 14
15 163 11
15 165 62
15 166 14
15 167 3
15 169 15
15 170 8
15 173 1
15 175 11
15 178 2
15 179 5
15 180 1
15 183 6
15 184 1
15 185 89
15 186 2
15 187 222
15 190 6
15 191 4
15 192 15
15 194 12
15 195 1
15 196 41
15 197 2
15 198 1
15 200 2
15 201 2
15 204 4
15 207 30
15 208 75
15 209 1
15 210 16
15 211 2
15 212 8
15 213 1
15 214 3
15 217 4
15 218 3
15 219 19
15 220 3
15 221 153
15 222 3
15 223 28
15 224 47
15 227 18
15 230 13
15 231 1
15 233 4
15 235 6
15 236 16
15 238 183
15 239 5
15 240 1
15 242 3
15 244 17
15 245 2
15 246 1
15 247 2
15 248 30
15 250 1
15 252 11
15 253 2
15 254 3
16 0 4
16 3 7
16 4 3
16 5 2
16 6 3
16 8 3
16 9 28
16 10 2
16 11 7
16 13 8
16 14 8
16 16 19
16 17 16
16 19 7
16 22 23
16 25 7
16 26 4
16 27 17
16 28 20
16 29 11
16 30 6
16 31 12
16 32 3
16 33 12
16 35 36
16 36 59
16 37 2
16 38 5
16 40 3
16 41 8
16 42 4
16 43 8
16 44 14
16 45 12
16 46 11
16 47 35
16 49 12
16 52 1
16 53 5
16 56 20
16 57 31
16 58 3
16 60 79
16 61 20
16 62 49
16 63 25
16 65 5
16 66 20
16 67 25
16 68 8
16 69 2
16 70 84
16 72 1
16 73 6
16 75 5
16 76 5
16 77 13
16 78 25
16 79 9
16 81 7
16 82 26
16 83 2
16 84 7
16 87 21
16 89 5
16 90 7
16 91 1
16 92 18
16 93 37
16 94 71
16 96 7
16 97 40
16 98 6
16 102 5
16 103 6
16 104 5
16 106 11
16 107 5
16 108 6
16 109 10
16 110 26
16 111 63
16 112 56
16 114 25
16 115 2
16 116 9
16 118 4
16 120 2
16 122 7
16 123 80
16 124 33
16 125 71
16 129 5
16 130 42
16 131 3
16 132 6
16 133 48
16 134 140
16 135 24
16 137 7
16 138 5
16 139 2
16 140 25
16 141 7
16 142 105
16 145 4
16 146 13
16 147 10
16 148 37
16 149 8
16 150 1
16 152 111
16 153 30
16 154 12
16 155 28
16 156 3
16 158 1
16 159 29
16 160 19
16 161 5
16 162 1
16 167 5
16 168 1
16 169 35
16 170 10
16 171 1
16 173 12
16 175 10
16 176 40
16 178 7
16 179 65
16 180 7
16 181 19
16 182 1
16 184 11
16 185 11
16 186 34
16 187 5
16 188 15
16 190 80
16 192 2
16 193 6
16 195 30
16 197 16
16 198 2
16 200 1
16 202 51
16 203 41
16 204 23
16 205 44
16 206 22
16 207 31
16 208 15
16 209 31
16 211 56
16 212 19
16 213 84
16 214 2
16 217 1
16 220 5
16 224 8
16 225 1
16 226 11
16 228 1
16 230 8
16 231 5
16 232 48
16 233 1
16 234 6
16 235 38
16 237 5
16 238 2
16 239 22
16 240 6
16 241 20
16 242 27
16 244 5
16 249 4
16 251 21
16 252 3
16 253 16
16 254 22
16 255 31
17 2 1
17 3 1
17 4 46
17 6 5
17 7 4
17 8 135
17 10 6
17 11 4
17 12 5
17 13 24
17 14 3
17 15 4
17 17 1
17 18 35
17 20 9
17 21 26
17 22 30
17 23 6
17 24 36
17 25 20
17 27 7
17 29 13
17 30 18
17 32 5
17 34 26
17 35 5
17 36 15
17 38 3
17 39 1
17 40 1
17 42 29
17 44 16
17 47 1
17 48 1
17 49 15
17 50 121
17 51 2
17 52 17
17 53 1
17 55 49
17 56 6
17 57 3
17 58 3
17 59 10
17 60 1
17 63 17
17 64 10
17 66 67
17 68 5
17 69 16
17 70 1
17 71 2
17 74 18
17 77 5
17 78 2
17 80 170
17 81 27
17 82 7
17 83 13
17 84 50
17 86 2
17 88 1
17 89 12
17 90 1
17 91 2
17 92 23
17 95 35
17 98 10
17 100 3
17 101 6
17 102 10
17 103 1
17 104 11
17 105 4
17 107 10
17 108 7
17 109 19
17 110 3
17 112 2
17 114 7
17 115 19
17 116 1
17 118 67
17 119 12
17 120 12
17 121 5
17 122 4
17 126 2
17 127 19
17 128 93
17 130 96
17 132 1
17 133 4
17 136 68
17 137 7
17 139 16
17 140 19
17 141 7
17 142 8
17 143 7
17 146 2
17 147 4
17 149 12
17 150 12
17 152 22
17 153 14
17 154 15
17 156 3
17 157 18
17 158 44
17 159 5
17 160 5
17 161 3
17 162 14
17 163 2
17 165 3
17 166 18
17 167 6
17 168 8
17 170 8
17 171 68
17 172 14
17 173 10
17 176 7
17 178 32
17 179 27
17 180 1
17 181 29
17 182 3
17 183 10
17 184 18
17 185 2
17 186 7
17 187 1
17 188 3
17 189 2
17 190 8
17 191 3
17 193 8
17 194 30
17 197 1
17 199 2
17 200 8
17 201 5
17 203 4
17 204 1
17 205 43
17 207 5
17 208 3
17 209 3
17 210 55
17 212 5
17 213 33
17 214 1
17 216 13
17 218 138
17 220 57
17 223 1
17 225 7
17 226 1
17 228 1
17 231 91
17 232 21
17 233 9
17 234 21
17 236 73
17 237 5
17 238 7
17 239 16
17 240 98
17 241 22
17 242 14
17 243 50
17 246 12
17 248 21
17 249 43
17 250 26
17 251 18
17 255 205
18 1 4
18 4 1
18 5 1
18 7 12
18 9 1
18 10 7
18 11 24
18 12 3
18 14 4
18 15 3
18 17 327
18 18 12
18 19 6
18 20 36
18 21 1
18 22 37
18 23 17
18 24 14
18 25 3
18 26 24
18 27 30
18 28 22
18 33 49
18 34 59
18 35 10
18 36 13
18 38 35
18 39 14
18 41 3
18 44 5
18 45 2
18 47 7
18 48 7
18 50 14
18 52 1
18 53 145
18 54 13
18 55 54
18 59 49
18 60 17
18 61 12
18 63 2
18 65 1
18 66 8
18 67 22
18 68 267
18 69 3
18 72 38
18 73 4
18 74 20
18 75 2
18 76 29
18 77 9
18 78 1
18 79 42
18 80 1
18 81 12
18 83 5
18 84 20
18 85 6
18 86 8
18 87 10
18 89 41
18 90 6
18 92 6
18 93 2
18 94 11
18 95 1
18 96 53
18 97 16
18 98 5
18 99 52
18 100 10
18 101 1
18 102 5
18 103 7
18 104 3
18 105 17
18 106 1
18 107 21
18 108 7
18 109 14
18 110 1
18 111 4
18 112 72
18 113 7
18 114 5
18 115 9
18 116 2
18 119 1
18 120 1
18 121 4
18 122 4
18 123 80
18 124 1
18 125 3
18 127 29
18 128 6
18 129 87
18 130 8
18 131 1
18 132 1
18 133 3
18 134 13
18 136 8
18 138 37
18 139 67
18 140 1
18 141 60
18 142 7
18 143 1
18 144 23
18 145 158
18 146 5
18 147 1
18 149 19
18 151 5
18 152 1
18 156 1
18 157 17
18 159 12
18 160 6
18 161 5
18 162 17
18 164 20
18 165 11
18 167 7
18 168 27
18 169 18
18 170 74
18 171 1
18 172 1
18 174 25
18 177 22
18 178 1
18 179 4
18 180 5
18 181 9
18 182 2
18 184 22
18 185 107
18 186 49
18 187 2
18 188 2
18 189 2
18 190 9
18 191 2
18 192 5
18 193 2
18 195 1
18 196 1
18 197 3
18 198 3
18 199 4
18 200 5
18 201 14
18 202 8
18 205 34
18 206 3
18 208 17
18 209 2
18 210 2
18 213 11
18 216 1
18 217 8
18 218 4
18 220 19
18 222 17
18 223 13
18 225 1
18 226 3
18 227 2
18 228 5
18 229 1
18 231 9
18 232 2
18 234 2
18 235 1
18 236 23
18 238 13
18 240 13
18 241 11
18 244 12
18 245 8
18 246 4
18 248 31
18 249 16
18 250 4
18 251 13
18 253 1
18 255 2
19 2 1
19 4 5
19 5 2
19 7 18
19 8 9
19 10 2
19 11 5
19 12 12
19 14 6
19 15 2
19 16 84
19 19 6
19 21 1
19 22 23
19 23 4
19 24 13
19 25 12
19 27 4
19 29 46
19 30 5
19 31 5
19 32 21
19 33 10
19 34 32
19 37 1
19 38 171
19 39 1
19 40 15
19 43 4
19 46 3
19 47 5
19 48 1
19 49 20
19 50 1
19 51 23
19 52 17
19 53 49
19 54 3
19 55 12
19 56 15
19 58 1
19 60 5
19 61 5
19 62 32
19 64 3
19 67 1
19 69 62
19 71 1
19 72 43
19 73 10
19 74 3
19 75 2
19 76 8
19 77 3
19 79 13
19 80 28
19 82 11
19 86 7
19 87 6
19 88 4
19 89 172
19 90 9
19 91 15
19 92 7
19 93 1
19 94 190
19 95 30
19 97 304
19 98 15
19 99 13
19 100 97
19 101 2
19 104 6
19 106 3
19 107 4
19 109 1
19 111 4
19 112 11
19 113 4
19 115 2
19 116 6
19 117 6
19 118 21
19 119 10
19 120 6
19 125 16
19 127 2
19 128 147
19 129 1
19 130 35
19 132 2
19 133 58
19 134 11
19 136 8
19 139 5
19 141 24
19 142 5
19 143 12
19 146 2
19 147 3
19 151 4
19 153 32
19 154 10
19 156 47
19 157 10
19 160 9
19 161 1
19 162 1
19 163 15
19 166 1
19 167 6
19 168 6
19 171 111
19 172 1
19 173 8
19 176 101
19 177 1
19 180 12
19 181 34
19 183 1
19 186 1
19 187 95
19 188 36
19 189 1
19 191 7
19 192 2
19 193 6
19 194 20
19 195 3
19 197 8
19 198 1
19 199 2
19 201 5
19 202 21
19 204 7
19 205 5
19 206 15
19 207 1
19 208 12
19 209 2
19 212 3
19 215 5
19 216 3
19 217 1
19 220 2
19 221 36
19 222 139
19 223 26
19 226 5
19 228 185
19 229 2
19 230 9
19 231 3
19 232 2
19 234 1
19 235 30
19 236 5
19 237 4
19 238 22
19 239 75
19 244 7
19 245 17
19 247 3
19 248 1
19 250 1
19 252 9
19 253 3
19 255 9
20 0 6
20 2 17
20 3 3
20 5 5
20 7 1
20 13 3
20 14 35
20 15 2
20 16 7
20 17 1
20 18 8
20 19 6
20 20 1
20 21 1
20 23 43
20 24 23
20 25 6
20 27 1
20 28 19
20 29 51
20 30 22
20 32 20
20 36 14
20 40 20
20 41 43
20 42 23
20 43 54
20 44 12
20 45 11
20 48 20
20 51 2
20 52 33
20 53 11
20 55 14
20 56 3
20 58 16
20 60 2
20 65 6
20 66 24
20 67 1
20 68 5
20 70 1
20 71 6
20 72 13
20 73 3
20 75 3
20 76 3
20 77 60
20 78 106
20 80 5
20 81 8
20 82 22
20 84 8
20 86 20
20 87 1
20 89 1
20 90 14
20 91 2
20 92 5
20 94 109
20 97 1
20 98 11
20 105 48
20 108 13
20 111 6
20 112 3
20 113 2
20 114 20
20 115 16
20 116 6
20 117 2
20 118 2
20 120 28
20 121 5
20 122 18
20 123 28
20 126 2
20 127 31
20 130 167
20 131 1
20 132 29
20 133 5
20 136 5
20 138 3
20 139 36
20 142 185
20 143 1
20 150 68
20 154 3
20 155 10
20 156 4
20 157 3
20 158 1
20 159 1
20 160 29
20 162 3
20 165 1
20 167 3
20 169 20
20 170 47
20 171 54
20 172 6
20 173 104
20 176 1
20 177 2
20 178 12
20 179 38
20 180 73
20 182 3
20 184 57
20 186 19
20 190 5
20 192 7
20 194 4
20 195 94
20 196 156
20 197 44
20 199 28
20 202 35
20 204 2
20 205 1
20 206 1
20 207 132
20 210 1
20 211 1
20 213 184
20 214 7
20 217 67
20 218 2
20 219 4
20 221 4
20 225 24
20 226 1
20 228 199
20 230 13
20 231 6
20 233 1
20 235 21
20 236 19
20 238 24
20 239 5
20 240 42
20 241 1
20 242 72
20 243 6
20 245 1
20 246 1
20 251 12
20 254 6
20 255 2
21 1 2
21 2 6
21 3 4
21 4 5
21 5 6
21 7 4
21 8 1
21 9 5
21 10 2
21 11 28
21 12 1
21 13 54
21 15 7
21 17 7
21 18 15
21 19 16
21 21 1
21 22 4
21 23 21
21 28 24
21 30 1
21 31 33
21 32 7
21 34 11
21 35 31
21 36 190
21 39 5
21 41 10
21 42 2
21 44 3
21 45 1
21 48 1
21 50 31
21 51 10
21 52 1
21 53 4
21 54 1
21 57 30
21 58 62
21 59 1
21 60 41
21 61 19
21 62 6
21 63 1
21 65 3
21 66 1
21 67 1
21 69 11
21 70 15
21 71 1
21 72 1
21 74 8
21 75 6
21 77 2
21 78 95
21 80 12
21 82 2
21 84 50
21 86 1
21 87 2
21 88 12
21 91 8
21 92 7
21 93 4
21 94 27
21 95 52
21 96 2
21 98 22
21 99 4
21 101 10
21 102 57
21 103 27
21 104 2
21 105 7
21 106 19
21 107 99
21 109 4
21 110 21
21 111 12
21 112 10
21 113 20
21 115 12
21 116 1
21 119 1
21 120 4
21 122 86
21 123 3
21 124 1
21 125 11
21 127 8
21 128 6
21 129 6
21 132 5
21 133 15
21 134 10
21 136 1
21 137 37
21 138 14
21 141 215
21 143 5
21 147 3
21 148 33
21 149 16
21 150 7
21 153 3
21 154 12
21 156 32
21 157 9
21 159 3
21 160 1
21 162 11
21 164 25
21 165 15
21 166 10
21 167 10
21 168 3
21 169 3
21 170 42
21 173 6
21 174 47
21 175 3
21 176 30
21 178 28
21 180 19
21 182 14
21 183 12
21 185 19
21 186 20
21 187 31
21 188 3
21 189 5
21 190 23
21 191 13
21 193 3
21 194 142
21 195 7
21 197 63
21 198 128
21 199 7
21 200 33
21 201 4
21 202 14
21 203 2
21 204 15
21 205 10
21 206 32
21 207 2
21 208 3
21 209 6
21 210 20
21 211 91
21 212 9
21 213 2
21 214 24
21 215 1
21 216 20
21 217 2
21 218 43
21 219 4
21 222 2
21 223 30
21 225 56
21 226 5
21 227 73
21 228 3
21 231 20
21 232 3
21 235 5
21 236 7
21 237 2
21 238 6
21 239 28
21 240 3
21 242 1
21 244 23
21 245 12
21 246 2
21 248 92
21 249 60
21 250 9
21 251 21
21 254 2
22 0 8
22 1 9
22 4 5
22 6 8
22 7 153
22 8 27
22 9 23
22 10 18
22 11 9
22 13 5
22 14 9
22 15 1
22 16 33
22 17 10
22 18 32
22 21 54
22 22 3
22 23 25
22 24 1
22 26 5
22 27 11
22 28 8
22 29 199
22 30 4
22 31 14
22 32 92
22 33 1
22 34 3
22 35 2
22 36 6
22 37 3
22 38 54
22 39 2
22 42 2
22 43 20
22 44 6
22 45 5
22 46 29
22 47 8
22 48 14
22 50 21
22 51 3
22 52 4
22 54 13
22 55 13
22 56 2
22 57 13
22 59 16
22 60 1
22 61 1
22 62 15
22 63 6
22 64 25
22 65 10
22 66 12
22 67 6
22 68 7
22 70 1
22 71 31
22 72 12
22 73 2
22 76 15
22 77 11
22 78 5
22 79 73
22 80 6
22 81 2
22 82 1
22 84 6
22 89 2
22 90 3
22 92 6
22 93 4
22 94 11
22 96 3
22 97 46
22 98 2
22 99 10
22 100 12
22 102 19
22 106 3
22 107 16
22 109 6
22 112 14
22 113 3
22 114 18
22 115 23
22 116 25
22 118 24
22 119 5
22 121 3
22 122 15
22 124 22
22 125 2
22 126 8
22 127 7
22 129 16
22 131 3
22 132 22
22 133 20
22 134 6
22 136 20
22 137 15
22 138 10
22 142 2
22 143 10
22 144 4
22 145 14
22 146 9
22 147 8
22 148 115
22 149 17
22 150 1
22 151 8
22 152 61
22 153 1
22 156 3
22 158 78
22 159 25
22 160 1
22 161 5
22 162 170
22 163 4
22 164 36
22 165 6
22 166 10
22 167 11
22 168 2
22 169 14
22 172 6
22 173 14
22 174 36
22 175 136
22 176 2
22 179 29
22 180 6
22 181 2
22 184 7
22 186 125
22 189 14
22 192 47
22 193 23
22 194 64
22 197 13
22 198 1
22 200 40
22 201 1
22 202 9
22 204 5
22 207 25
22 209 81
22 210 7
22 211 3
22 212 12
22 213 52
22 216 6
22 219 8
22 221 120
22 222 79
22 224 18
22 227 3
22 228 10
22 231 2
22 233 8
22 234 3
22 235 1
22 237 2
22 238 7
22 240 11
22 241 5
22 242 5
22 243 5
22 244 6
22 245 11
22 246 8
22 248 3
22 249 2
22 250 18
22 252 11
22 253 39
22 254 12
23 1 25
23 2 7
23 3 8
23 5 1
23 6 7
23 7 13
23 8 35
23 9 1
23 10 3
23 12 21
23 13 7
23 14 4
23 15 5
23 16 8
23 17 9
23 20 6
23 21 5
23 22 41
23 23 2
23 24 23
23 25 1
23 26 5
23 27 194
23 29 4
23 30 4
23 31 4
23 32 231
23 33 9
23 34 1
23 35 12
23 36 13
23 37 35
23 38 2
23 39 83
23 41 7
23 42 10
23 43 16
23 44 2
23 45 7
23 46 19
23 47 1
23 48 3
23 49 4
23 50 27
23 51 1
23 52 11
23 53 22
23 54 6
23 55 1
23 56 31
23 57 22
23 58 9
23 59 18
23 60 38
23 61 2
23 62 14
23 64 9
23 65 16
23 66 59
23 67 24
23 68 7
23 69 11
23 70 9
23 71 12
23 72 11
23 75 6
23 76 11
23 77 3
23 78 12
23 79 14
23 80 6
23 81 10
23 82 3
23 83 12
23 84 14
23 85 10
23 86 5
23 87 10
23 88 33
23 89 9
23 90 3
23 91 4
23 92 32
23 93 11
23 94 24
23 95 9
23 97 5
23 99 10
23 100 20
23 101 6
23 102 1
23 103 5
23 104 4
23 105 42
23 106 11
23 107 3
23 109 2
23 110 1
23 112 14
23 113 13
23 114 6
23 115 16
23 117 2
23 118 1
23 119 1
23 120 3
23 122 1
23 124 7
23 125 2
23 127 48
23 129 3
23 130 2
23 131 1
23 132 16
23 133 19
23 134 6
23 135 10
23 137 5
23 138 1
23 139 15
23 140 3
23 143 2
23 144 1
23 145 37
23 146 10
23 147 12
23 148 32
23 149 19
23 150 10
23 152 22
23 153 19
23 154 21
23 155 23
23 156 40
23 158 11
23 159 3
23 160 145
23 161 20
23 162 4
23 163 10
23 164 4
23 165 19
23 166 61
23 167 13
23 170 23
23 171 22
23 172 1
23 173 29
23 174 32
23 175 4
23 176 17
23 177 20
23 180 1
23 181 34
23 182 18
23 183 3
23 184 10
23 185 5
23 186 19
23 187 1
23 188 2
23 189 4
23 190 3
23 191 6
23 192 31
23 193 4
23 194 10
23 196 2
23 197 23
23 198 13
23 199 24
23 200 7
23 201 1
23 203 11
23 204 2
23 206 13
23 207 3
23 208 7
23 209 25
23 210 15
23 211 6
23 212 12
23 213 26
23 215 13
23 216 26
23 217 8
23 218 23
23 219 1
23 220 27
23 221 13
23 222 13
23 223 7
23 225 2
23 226 32
23 227 16
23 228 7
23 229 9
23 230 10
23 231 14
23 232 26
23 234 3
23 235 8
23 236 69
23 237 7
23 238 2
23 239 1
23 241 57
23 242 33
23 243 19
23 244 9
23 245 20
23 246 11
23 247 3
23 248 9
23 249 15
23 250 7
23 251 28
23 252 34
23 253 20
23 254 7
23 255 16
24 0 7
24 1 15
24 2 5
24 3 40
24 4 13
24 5 8
24 6 16
24 7 31
24 8 5
24 9 6
24 10 33
24 11 34
24 12 4
24 13 4
24 14 5
24 15 10
24 16 11
24 17 2
24 18 19
24 19 2
24 20 27
24 21 10
24 22 21
24 23 8
24 24 33
24 26 10
24 27 5
24 28 9
24 29 37
24 30 7
24 31 6
24 32 3
24 33 8
24 34 47
24 36 20
24 37 21
24 38 31
24 39 84
24 40 7
24 41 26
24 42 5
24 43 25
24 44 7
24 45 13
24 46 1
24 48 14
24 49 7
24 50 5
24 51 9
24 53 11
24 54 16
24 55 37
24 56 14
24 57 5
24 58 15
24 60 1
24 61 17
24 62 37
24 63 16
24 64 29
24 65 24
24 66 48
24 67 14
24 68 22
24 69 2
24 70 13
24 71 2
24 72 1
24 73 2
24 74 11
24 75 9
24 77 4
24 78 4
24 79 4
24 80 1
24 81 9
24 82 29
24 83 7
24 84 18
24 85 36
24 87 2
24 88 20
24 91 4
24 92 13
24 93 6
24 94 7
24 95 22
24 96 31
24 97 2
24 98 5
24 99 18
24 100 31
24 101 38
24 103 20
24 104 6
24 105 2
24 106 31
24 107 18
24 108 2
24 109 18
24 110 7
24 111 20
24 112 22
24 113 25
24 115 24
24 116 8
24 117 15
24 118 67
24 119 1
24 120 9
24 121 5
24 122 17
24 123 12
24 124 4
24 125 3
24 126 10
24 127 18
24 128 3
24 129 6
24 130 3
24 131 5
24 132 13
24 133 21
24 135 11
24 136 9
24 137 18
24 138 2
24 139 7
24 140 5
24 141 14
24 142 1
24 143 4
24 144 4
24 145 11
24 146 29
24 147 6
24 148 10
24 149 32
24 150 9
24 151 12
24 152 9
24 153 10
24 154 16
24 155 7
24 156 4
24 157 2
24 158 10
24 159 10
24 160 62
24 161 18
24 163 11
24 164 22
24 166 5
24 168 29
24 169 44
24 170 10
24 171 6
24 172 28
24 173 12
24 174 7
24 175 3
24 176 5
24 177 24
24 179 1
24 180 19
24 181 76
24 182 7
24 183 3
24 184 28
24 185 9
24 186 26
24 187 4
24 188 5
24 189 60
24 190 2
24 191 5
24 192 20
24 194 34
24 195 6
24 196 20
24 197 6
24 198 144
24 199 13
24 200 5
24 201 3
24 202 12
24 203 25
24 204 4
24 206 35
24 207 6
24 208 27
24 209 4
24 210 18
24 211 12
24 212 19
24 213 24
24 214 13
24 215 1
24 216 38
24 217 7
24 218 24
24 219 6
24 220 22
24 221 1
24 223 5
24 224 4
24 225 7
24 227 21
24 228 8
24 229 14
24 230 5
24 231 12
24 232 17
24 233 22
24 235 4
24 236 8
24 237 10
24 238 23
24 239 4
24 240 5
24 241 2
24 242 1
24 243 16
24 244 13
24 245 6
24 247 2
24 248 1
24 249 36
24 250 2
24 252 10
24 254 11
24 255 7
25 0 9
25 1 12
25 2 7
25 3 10
25 6 49
25 7 11
25 8 19
25 9 30
25 10 21
25 12 1
25 13 28
25 14 7
25 15 17
25 16 7
25 17 17
25 18 24
25 20 1
25 21 7
25 22 41
25 23 11
25 24 13
25 25 51
25 26 4
25 27 16
25 29 31
25 30 4
25 31 1
25 32 20
25 33 35
25 34 5
25 35 15
25 36 13
25 37 10
25 38 1
25 39 2
25 40 5
25 41 12
25 42 4
25 43 4
25 44 5
25 45 6
25 46 2
25 48 3
25 49 26
25 50 7
25 51 1
25 52 1
25 53 4
25 54 12
25 55 18
25 56 19
25 57 6
25 58 61
25 59 30
25 60 4
25 61 15
25 62 1
25 63 10
25 64 39
25 65 3
25 66 2
25 67 6
25 68 12
25 69 5
25 70 3
25 71 15
25 72 26
25 73 18
25 74 12
25 75 5
25 76 12
25 78 6
25 79 48
25 80 8
25 81 3
25 82 25
25 83 38
25 84 4
25 85 19
25 87 40
25 88 5
25 89 11
25 90 58
25 91 34
25 92 20
25 94 36
25 95 5
25 96 2
25 97 11
25 99 3
25 101 10
25 102 13
25 103 4
25 104 2
25 105 1
25 107 41
25 109 22
25 110 2
25 111 134
25 113 18
25 114 51
25 116 6
25 117 11
25 118 8
25 119 22
25 120 6
25 122 16
25 124 6
25 125 11
25 126 2
25 127 12
25 128 42
25 129 42
25 131 3
25 132 9
25 133 5
25 134 12
25 135 5
25 136 1
25 137 2
25 138 5
25 139 34
25 140 26
25 141 12
25 142 3
25 143 12
25 144 26
25 145 13
25 146 2
25 147 22
25 148 54
25 149 16
25 150 3
25 151 3
25 152 38
25 153 3
25 154 14
25 155 10
25 156 10
25 157 22
25 158 26
25 159 19
25 160 8
25 161 26
25 162 7
25 163 1
25 164 5
25 165 2
25 166 4
25 167 9
25 168 16
25 169 3
25 170 13
25 172 46
25 173 26
25 174 11
25 175 71
25 176 18
25 177 1
25 178 4
25 179 7
25 180 23
25 181 7
25 182 1
25 183 27
25 184 10
25 185 9
25 186 34
25 187 20
25 188 42
25 189 27
25 190 2
25 191 1
25 193 12
25 194 28
25 195 7
25 196 2
25 197 6
25 198 10
25 199 18
25 200 22
25 201 12
25 202 2
25 203 3
25 204 37
25 205 50
25 207 10
25 208 13
25 209 3
25 210 4
25 211 3
25 212 22
25 213 10
25 214 1
25 215 32
25 216 19
25 217 2
25 218 6
25 219 28
25 221 23
25 222 4
25 223 8
25 224 13
25 225 12
25 226 11
25 227 11
25 228 7
25 229 5
25 231 11
25 233 15
25 234 6
25 236 10
25 238 2
25 239 2
25 240 10
25 241 2
25 242 1
25 244 23
25 245 6
25 246 3
25 247 23
25 248 55
25 249 4
25 250 84
25 251 20
25 252 2
25 253 4
25 255 4
26 0 34
26 1 3
26 2 12
26 3 6
26 4 5
26 5 16
26 6 4
26 7 2
26 8 26
26 9 8
26 10 8
26 11 17
26 12 32
26 13 17
26 15 29
26 16 31
26 18 6
26 19 3
26 20 33
26 21 1
26 22 11
26 23 20
26 24 3
26 25 4
26 26 11
26 27 29
26 28 2
26 29 23
26 30 29
26 31 1
26 32 29
26 33 54
26 34 12
26 35 10
26 36 15
26 39 3
26 40 13
26 41 15
26 42 6
26 43 2
26 44 36
26 45 2
26 46 82
26 47 11
26 48 2
26 49 1
26 50 4
26 51 51
26 53 20
26 54 20
26 56 11
26 57 8
26 58 11
26 60 5
26 61 3
26 62 6
26 63 34
26 64 3
26 65 4
26 67 10
26 68 7
26 69 14
26 70 24
26 71 3
26 72 9
26 73 44
26 74 4
26 75 10
26 76 18
26 77 5
26 78 9
26 79 9
26 80 16
26 81 3
26 82 13
26 83 1
26 84 21
26 85 2
26 86 17
26 88 3
26 89 36
26 90 27
26 91 54
26 92 6
26 94 14
26 95 32
26 97 13
26 98 21
26 99 22
26 100 5
26 102 6
26 103 8
26 104 20
26 105 16
26 106 19
26 107 12
26 108 1
26 109 18
26 110 14
26 111 30
26 112 12
26 114 30
26 117 2
26 118 2
26 119 10
26 120 15
26 121 47
26 122 3
26 123 10
26 124 26
26 125 2
26 126 10
26 127 14
26 128 7
26 129 27
26 130 2
26 131 31
26 132 1
26 133 6
26 134 6
26 135 29
26 136 6
26 137 2
26 138 1
26 139 27
26 140 31
26 141 21
26 144 12
26 145 3
26 146 7
26 148 103
26 149 13
26 151 54
26 152 4
26 153 5
26 154 18
26 155 18
26 156 47
26 157 24
26 158 6
26 159 24
26 161 5
26 162 149
26 163 40
26 164 2
26 166 10
26 167 1
26 168 31
26 169 48
26 170 4
26 172 10
26 173 9
26 174 6
26 175 5
26 177 14
26 178 1
26 179 5
26 181 17
26 182 37
26 184 7
26 185 13
26 186 8
26 187 7
26 189 7
26 190 19
26 191 12
26 192 36
26 193 2
26 195 20
26 196 20
26 198 1
26 199 5
26 200 15
26 201 1
26 203 19
26 204 1
26 205 2
26 207 27
26 208 12
26 209 8
26 211 25
26 212 4
26 214 29
26 216 3
26 217 10
26 218 1
26 219 30
26 220 6
26 221 7
26 222 5
26 223 8
26 224 10
26 225 10
26 227 5
26 228 7
26 230 34
26 231 7
26 232 2
26 233 11
26 234 13
26 235 1
26 236 31
26 237 9
26 238 14
26 239 13
26 240 21
26 241 6
26 242 12
26 243 12
26 244 60
26 245 13
26 246 26
26 247 12
26 248 15
26 249 3
26 250 9
26 251 23
26 252 23
26 253 21
26 254 15
26 255 21
27 0 9
27 1 24
27 2 41
27 3 27
27 4 6
27 5 2
27 6 31
27 7 21
27 8 4
27 9 14
27 10 8
27 11 7
27 12 14
27 13 59
27 14 10
27 16 105
27 17 12
27 19 1
27 21 35
27 22 26
27 23 24
27 24 25
27 25 11
27 28 30
27 30 13
27 31 1
27 32 2
27 33 21
27 35 18
27 37 29
27 38 9
27 39 33
27 40 19
27 41 4
27 42 2
27 43 5
27 44 13
27 45 3
27 46 3
27 48 3
27 49 11
27 50 15
27 52 49
27 53 22
27 54 8
27 56 17
27 57 6
27 60 23
27 61 20
27 62 12
27 63 20
27 64 7
27 65 5
27 66 23
27 67 4
27 69 9
27 70 12
27 71 42
27 72 30
27 74 8
27 75 10
27 76 161
27 77 23
27 78 15
27 79 25
27 80 42
27 82 18
27 83 6
27 84 23
27 86 22
27 87 14
27 88 11
27 89 9
27 90 8
27 91 14
27 92 4
27 93 13
27 94 42
27 95 39
27 96 19
27 97 39
27 98 13
27 99 21
27 100 6
27 101 6
27 102 1
27 103 11
27 104 9
27 106 5
27 107 26
27 108 3
27 109 34
27 111 1
27 112 7
27 113 12
27 114 9
27 115 13
27 116 2
27 117 1
27 118 17
27 119 13
27 120 4
27 121 4
27 123 11
27 124 25
27 125 2
27 127 4
27 128 12
27 129 15
27 130 14
27 131 4
27 135 33
27 137 29
27 138 13
27 139 15
27 140 23
27 141 18
27 142 16
27 143 1
27 144 5
27 145 3
27 147 4
27 148 16
27 149 28
27 150 1
27 151 19
27 152 4
27 153 1
27 154 21
27 155 7
27 156 86
27 158 46
27 159 2
27 160 4
27 161 9
27 163 12
27 164 20
27 165 29
27 166 60
27 168 12
27 169 7
27 170 12
27 171 10
27 172 29
27 173 29
27 174 10
27 175 58
27 176 10
27 177 26
27 178 5
27 179 2
27 180 11
27 181 53
27 182 4
27 183 5
27 185 21
27 186 3
27 187 4
27 189 1
27 190 10
27 191 24
27 192 33
27 194 6
27 195 5
27 196 20
27 197 11
27 198 18
27 200 4
27 201 13
27 203 4
27 204 13
27 205 16
27 206 4
27 207 2
27 209 3
27 210 20
27 211 20
27 212 13
27 213 1
27 214 5
27 215 38
27 216 5
27 217 10
27 218 15
27 219 37
27 220 20
27 221 8
27 222 2
27 223 2
27 224 3
27 225 15
27 226 16
27 227 3
27 228 36
27 229 6
27 230 3
27 231 16
27 232 3
27 233 17
27 235 1
27 238 1
27 240 5
27 241 23
27 242 8
27 243 24
27 244 11
27 245 22
27 246 1
27 247 3
27 248 8
27 249 5
27 250 11
27 251 15
27 252 21
27 253 7
27 254 17
27 255 7
28 0 4
28 1 2
28 2 7
28 3 2
28 4 8
28 5 17
28 6 1
28 7 8
28 8 12
28 10 36
28 11 36
28 12 1
28 13 11
28 14 3
28 15 22
28 17 19
28 18 1
28 20 13
28 21 25
28 23 55
28 24 12
28 25 46
28 26 24
28 27 2
28 28 8
28 29 42
28 31 5
28 32 15
28 33 7
28 35 1
28 36 17
28 37 24
28 38 22
28 39 1
28 40 23
28 41 3
28 42 27
28 43 3
28 44 18
28 45 11
28 46 11
28 47 11
28 48 2
28 49 1
28 50 19
28 51 6
28 53 12
28 54 22
28 55 15
28 56 3
28 57 1
28 58 8
28 59 18
28 60 47
28 61 95
28 62 50
28 63 3
28 65 5
28 66 2
28 68 14
28 70 1
28 71 37
28 72 15
28 73 12
28 74 27
28 75 12
28 76 45
28 77 1
28 78 46
28 79 22
28 80 10
28 81 44
28 82 20
28 83 18
28 85 1
28 86 190
28 87 41
28 88 1
28 89 1
28 90 3
28 91 7
28 92 63
28 93 29
28 94 48
28 95 7
28 96 15
28 97 11
28 98 27
28 100 25
28 101 7
28 102 18
28 103 37
28 105 1
28 106 78
28 108 24
28 109 4
28 110 3
28 111 4
28 112 19
28 113 3
28 114 26
28 115 16
28 116 15
28 117 2
28 119 1
28 120 8
28 121 4
28 122 1
28 123 8
28 124 8
28 126 6
28 127 31
28 128 15
28 129 24
28 130 17
28 132 15
28 133 6
28 134 4
28 135 10
28 136 6
28 137 1
28 139 15
28 140 13
28 142 1
28 144 1
28 145 7
28 147 1
28 148 2
28 149 3
28 150 5
28 151 11
28 152 8
28 153 5
28 154 12
28 155 51
28 156 5
28 157 36
28 158 27
28 159 3
28 160 1
28 161 8
28 162 16
28 163 4
28 164 15
28 166 20
28 167 6
28 168 32
28 169 53
28 171 6
28 174 1
28 175 10
28 176 2
28 178 71
28 179 1
28 180 1
28 182 19
28 183 3
28 184 23
28 185 22
28 186 17
28 187 2
28 188 2
28 191 16
28 192 17
28 194 23
28 195 40
28 196 2
28 197 38
28 198 16
28 199 5
28 201 14
28 202 2
28 203 1
28 204 11
28 205 5
28 206 2
28 207 7
28 208 11
28 209 6
28 210 20
28 211 13
28 212 2
28 213 15
28 214 2
28 215 10
28 216 9
28 217 19
28 218 1
28 220 1
28 221 6
28 222 39
28 223 5
28 224 6
28 225 23
28 226 1
28 227 13
28 228 2
28 230 27
28 231 17
28 232 17
28 233 10
28 234 16
28 235 8
28 237 4
28 238 10
28 239 27
28 240 44
28 241 17
28 243 6
28 244 8
28 245 14
28 246 87
28 247 3
28 248 5
28 249 2
28 250 5
28 251 14
28 254 10
28 255 21
29 1 17
29 3 1
29 4 58
29 6 74
29 7 28
29 8 21
29 9 63
29 10 1
29 11 5
29 13 9
29 14 16
29 16 11
29 17 28
29 19 5
29 20 19
29 22 3
29 24 2
29 25 5
29 26 4
29 27 5
29 28 3
29 29 5
29 30 20
29 31 3
29 32 29
29 33 7
29 34 61
29 35 13
29 36 30
29 37 5
29 38 28
29 39 113
29 40 37
29 41 3
29 42 1
29 43 3
29 45 9
29 46 2
29 47 12
29 48 9
29 49 28
29 50 1
29 51 11
29 52 1
29 53 5
29 56 19
29 57 5
29 58 1
29 59 21
29 60 6
29 62 8
29 63 14
29 64 7
29 65 35
29 66 6
29 67 5
29 68 18
29 69 12
29 70 13
29 71 30
29 72 7
29 73 20
29 74 4
29 76 6
29 77 5
29 79 35
29 80 88
29 81 10
29 83 5
29 84 30
29 85 27
29 86 21
29 87 3
29 89 2
29 91 11
29 92 3
29 93 50
29 94 12
29 95 41
29 96 17
29 97 2
29 98 9
29 99 10
29 100 42
29 101 12
29 102 24
29 103 3
29 104 33
29 105 3
29 106 12
29 107 1
29 110 7
29 111 34
29 112 3
29 113 1
29 114 1
29 115 13
29 117 21
29 118 95
29 119 6
29 120 2
29 121 37
29 122 18
29 124 34
29 125 36
29 126 1
29 127 13
29 128 5
29 129 43
29 130 28
29 131 1
29 134 60
29 135 6
29 137 19
29 138 100
29 140 2
29 141 17
29 143 3
29 144 1
29 145 1
29 146 1
29 147 41
29 150 11
29 151 16
29 152 1
29 153 22
29 154 5
29 155 15
29 156 6
29 157 43
29 158 27
29 159 2
29 160 5
29 161 25
29 163 36
29 164 15
29 165 7
29 166 1
29 167 1
29 168 1
29 169 9
29 170 32
29 171 37
29 172 4
29 173 2
29 174 1
29 176 17
29 177 2
29 178 2
29 179 83
29 180 1
29 181 2
29 183 4
29 184 8
29 185 1
29 186 4
29 187 3
29 188 1
29 189 7
29 190 1
29 191 4
29 192 61
29 193 4
29 194 2
29 195 2
29 196 1
29 197 31
29 198 3
29 200 8
29 201 7
29 203 2
29 204 27
29 205 43
29 206 16
29 207 38
29 208 2
29 209 20
29 210 19
29 211 15
29 212 11
29 215 4
29 216 25
29 217 8
29 218 5
29 219 18
29 222 5
29 223 3
29 226 3
29 227 13
29 230 1
29 231 3
29 232 37
29 233 17
29 234 33
29 235 2
29 236 9
29 238 7
29 239 13
29 240 7
29 241 5
29 243 16
29 245 9
29 246 37
29 247 1
29 248 6
29 249 1
29 250 13
29 251 1
29 252 33
29 253 76
29 254 49
29 255 8
30 2 7
30 3 4
30 4 40
30 6 6
30 7 13
30 8 8
30 9 5
30 10 1
30 12 12
30 13 9
30 15 7
30 16 5
30 17 52
30 18 9
30 20 11
30 21 10
30 22 1
30 23 1
30 25 3
30 27 51
30 28 2
30 29 1
30 30 11
30 31 20
30 32 14
30 33 18
30 35 4
30 36 12
30 37 2
30 38 1
30 39 17
30 41 5
30 42 3
30 43 12
30 44 7
30 45 247
30 46 3
30 47 3
30 48 42
30 49 1
30 50 64
30 51 6
30 52 4
30 53 2
30 54 17
30 55 98
30 56 2
30 57 29
30 58 6
30 59 161
30 60 5
30 61 4
30 63 4
30 64 6
30 65 2
30 66 5
30 67 115
30 68 1
30 70 8
30 73 5
30 78 7
30 80 3
30 82 7
30 83 9
30 84 6
30 85 17
30 86 21
30 87 3
30 88 16
30 89 2
30 90 16
30 91 18
30 92 2
30 94 1
30 95 20
30 97 15
30 99 3
30 100 15
30 102 20
30 104 7
30 105 20
30 106 21
30 107 3
30 108 12
30 110 1
30 111 5
30 112 28
30 113 5
30 114 91
30 115 1
30 116 60
30 117 9
30 118 12
30 119 4
30 122 22
30 123 8
30 124 1
30 125 8
30 127 21
30 128 19
30 129 2
30 131 3
30 132 50
30 135 11
30 136 6
30 137 5
30 139 4
30 140 6
30 141 4
30 142 5
30 143 10
30 144 4
30 145 2
30 148 2
30 149 117
30 151 88
30 152 6
30 153 1
30 155 9
30 156 2
30 157 4
30 158 50
30 159 8
30 160 18
30 164 4
30 165 21
30 168 3
30 169 86
30 170 3
30 171 3
30 172 5
30 173 2
30 174 9
30 175 20
30 176 10
30 177 2
30 178 16
30 179 43
30 180 105
30 181 1
30 183 1
30 184 5
30 185 8
30 187 10
30 188 34
30 190 11
30 191 5
30 192 13
30 193 12
30 195 1
30 198 2
30 199 24
30 200 12
30 201 9
30 202 47
30 203 2
30 204 2
30 205 5
30 206 6
30 207 6
30 208 7
30 210 14
30 211 1
30 214 6
30 216 10
30 217 9
30 218 5
30 219 26
30 221 6
30 223 7
30 224 190
30 225 19
30 226 1
30 227 5
30 228 3
30 229 20
30 230 29
30 231 3
30 233 1
30 234 36
30 235 28
30 236 10
30 237 6
30 238 6
30 239 35
30 242 73
30 243 1
30 245 6
30 246 16
30 247 6
30 249 12
30 250 5
30 251 71
30 252 2
30 253 15
30 254 6
30 255 12
31 0 19
31 1 11
31 2 4
31 3 6
31 4 5
31 5 23
31 6 8
31 7 1
31 9 1
31 10 12
31 11 18
31 13 22
31 15 10
31 16 26
31 17 1
31 19 10
31 20 9
31 21 10
31 23 256
31 24 195
31 25 6
31 26 18
31 27 28
31 28 100
31 29 70
31 30 1
31 32 2
31 33 7
31 34 10
31 35 2
31 36 6
31 38 48
31 39 10
31 41 7
31 42 13
31 43 3
31 44 21
31 47 7
31 49 34
31 50 3
31 51 275
31 52 166
31 53 5
31 55 1
31 57 28
31 58 8
31 59 66
31 60 12
31 64 10
31 65 1
31 66 10
31 69 24
31 71 11
31 72 2
31 74 49
31 75 60
31 76 38
31 77 3
31 79 8
31 80 1
31 81 2
31 82 11
31 86 40
31 89 1
31 93 1
31 94 4
31 95 7
31 96 14
31 97 6
31 99 1
31 100 5
31 101 1
31 102 17
31 104 11
31 106 11
31 109 23
31 110 51
31 112 1
31 115 6
31 117 3
31 118 10
31 122 3
31 126 9
31 129 28
31 131 9
31 132 2
31 134 24
31 137 1
31 139 13
31 147 5
31 149 5
31 151 25
31 152 1
31 154 5
31 157 1
31 158 1
31 159 2
31 160 47
31 161 78
31 162 1
31 164 38
31 165 2
31 166 165
31 167 12
31 168 3
31 169 1
31 170 8
31 171 4
31 172 22
31 173 3
31 174 25
31 175 23
31 176 9
31 177 23
31 179 11
31 180 13
31 181 29
31 182 5
31 184 51
31 185 9
31 186 10
31 187 9
31 188 4
31 189 30
31 192 77
31 193 9
31 194 1
31 195 22
31 196 1
31 197 8
31 199 15
31 200 6
31 201 2
31 202 1
31 204 18
31 205 6
31 206 21
31 207 1
31 208 11
31 210 5
31 211 14
31 212 3
31 213 2
31 214 12
31 215 5
31 217 27
31 218 2
31 219 5
31 220 32
31 221 17
31 222 24
31 223 21
31 224 2
31 225 20
31 226 6
31 227 26
31 229 1
31 231 14
31 232 1
31 233 1
31 234 7
31 235 4
31 237 11
31 239 13
31 241 21
31 244 11
31 245 13
31 246 7
31 249 13
31 250 59
31 251 6
31 252 2
31 253 28
31 254 4
31 255 2
32 0 5
32 1 1
32 2 11
32 3 213
32 4 2
32 5 7
32 6 2
32 8 186
32 9 114
32 10 5
32 11 3
32 12 3
32 14 1
32 16 2
32 17 28
32 18 2
32 19 4
32 20 11
32 21 12
32 22 3
32 23 63
32 24 2
32 26 25
32 27 126
32 28 7
32 29 8
32 31 14
32 33 3
32 35 1
32 36 5
32 37 2
32 39 36
32 42 11
32 47 43
32 48 14
32 49 23
32 50 3
32 51 3
32 53 5
32 55 1
32 56 17
32 57 5
32 58 5
32 59 3
32 60 11
32 61 9
32 62 39
32 63 3
32 64 14
32 65 11
32 66 27
32 67 1
32 69 13
32 70 12
32 71 23
32 72 7
32 73 14
32 74 5
32 75 5
32 76 7
32 79 1
32 80 34
32 82 21
32 83 20
32 84 31
32 85 72
32 86 53
32 87 4
32 88 18
32 91 2
32 92 3
32 94 5
32 95 7
32 98 17
32 99 4
32 101 5
32 102 57
32 104 6
32 106 23
32 107 15
32 108 1
32 109 8
32 112 17
32 114 69
32 115 1
32 116 21
32 117 1
32 118 1
32 120 1
32 122 206
32 123 3
32 124 5
32 125 30
32 127 100
32 129 5
32 130 1
32 131 2
32 133 1
32 134 7
32 135 9
32 136 1
32 137 14
32 138 17
32 139 64
32 140 2
32 141 5
32 143 1
32 145 32
32 147 1
32 148 8
32 149 6
32 151 5
32 152 2
32 153 1
32 154 14
32 156 3
32 159 3
32 160 7
32 161 5
32 162 15
32 164 46
32 166 1
32 170 1
32 172 6
32 173 2
32 174 1
32 176 48
32 177 9
32 181 1
32 182 2
32 183 14
32 185 19
32 186 1
32 188 30
32 191 61
32 192 4
32 193 2
32 195 52
32 196 18
32 197 4
32 199 29
32 200 15
32 201 1
32 202 7
32 204 35
32 205 33
32 206 299
32 207 1
32 209 10
32 211 1
32 213 1
32 214 16
32 217 3
32 218 4
32 219 38
32 220 6
32 221 2
32 222 6
32 224 11
32 225 2
32 226 12
32 227 4
32 228 12
32 230 3
32 231 7
32 232 35
32 233 14
32 235 3
32 237 2
32 239 1
32 240 15
32 241 6
32 244 7
32 246 39
32 248 4
32 249 26
32 251 11
32 253 25
32 255 54
33 0 4
33 1 12
33 2 7
33 3 7
33 4 14
33 7 21
33 8 58
33 9 1
33 10 54
33 11 23
33 13 13
33 15 9
33 16 3
33 17 6
33 18 1
33 19 26
33 20 103
33 22 31
33 23 3
33 25 7
33 26 3
33 27 7
33 29 13
33 30 2
33 31 8
33 32 13
33 33 8
33 34 3
33 37 23
33 38 48
33 39 2
33 40 102
33 41 8
33 42 14
33 44 3
33 45 10
33 47 79
33 49 70
33 50 10
33 52 2
33 53 6
33 54 7
33 55 9
33 56 1
33 57 1
33 58 8
33 60 40
33 61 1
33 62 14
33 63 24
33 70 1
33 71 29
33 72 28
33 74 19
33 75 2
33 76 1
33 77 1
33 78 28
33 79 122
33 82 6
33 83 3
33 85 17
33 86 8
33 87 9
33 88 9
33 89 19
33 90 52
33 91 7
33 92 32
33 94 14
33 95 2
33 96 9
33 98 59
33 100 5
33 101 4
33 102 1
33 103 10
33 106 197
33 108 15
33 111 64
33 115 5
33 117 1
33 118 17
33 119 4
33 120 6
33 121 1
33 122 4
33 123 4
33 125 2
33 126 1
33 127 27
33 128 21
33 129 5
33 130 4
33 131 9
33 132 15
33 133 10
33 134 6
33 135 24
33 136 8
33 137 6
33 138 3
33 139 6
33 140 3
33 141 42
33 145 6
33 148 3
33 151 8
33 152 30
33 153 2
33 154 2
33 156 4
33 157 8
33 159 4
33 161 75
33 162 18
33 163 1
33 164 5
33 165 9
33 167 14
33 168 105
33 169 1
33 170 14
33 172 19
33 173 12
33 175 89
33 177 2
33 180 1
33 183 1
33 186 21
33 188 36
33 189 8
33 191 11
33 195 45
33 197 1
33 198 15
33 199 8
33 201 22
33 202 3
33 203 1
33 206 10
33 207 13
33 208 5
33 209 2
33 210 10
33 211 2
33 212 9
33 213 3
33 214 1
33 217 34
33 219 75
33 220 49
33 221 187
33 222 9
33 223 35
33 224 30
33 225 1
33 226 23
33 228 1
33 230 16
33 232 249
33 233 1
33 235 15
33 237 2
33 240 15
33 241 3
33 244 2
33 246 3
33 247 24
33 248 5
33 249 5
33 250 32
33 253 17
33 254 10
33 255 5
34 1 6
34 2 33
34 3 19
34 4 4
34 5 48
34 6 1
34 7 3
34 9 141
34 10 3
34 15 9
34 16 17
34 17 47
34 18 4
34 19 5
34 21 2
34 23 16
34 24 9
34 25 8
34 26 43
34 28 16
34 29 6
34 31 1
34 32 21
34 33 14
34 35 12
34 39 14
34 40 15
34 41 3
34 42 6
34 44 109
34 45 26
34 47 19
34 49 65
34 50 3
34 51 16
34 53 8
34 54 7
34 55 56
34 56 64
34 57 1
34 58 11
34 60 3
34 61 4
34 62 18
34 63 5
34 64 1
34 65 25
34 66 6
34 68 8
34 69 1
34 70 4
34 71 5
34 72 18
34 74 1
34 75 10
34 76 19
34 79 22
34 80 10
34 81 5
34 82 59
34 83 3
34 84 21
34 85 20
34 86 1
34 87 5
34 88 6
34 89 1
34 90 123
34 91 8
34 92 27
34 93 117
34 94 66
34 95 3
34 96 4
34 97 9
34 98 12
34 99 3
34 102 1
34 103 7
34 104 6
34 105 118
34 107 1
34 109 5
34 110 13
34 112 55
34 114 3
34 115 3
34 116 24
34 117 19
34 119 1
34 120 13
34 121 1
34 123 5
34 124 8
34 127 3
34 129 79
34 131 4
34 132 8
34 133 30
34 134 5
34 135 12
34 136 5
34 137 11
34 138 3
34 139 2
34 142 5
34 145 19
34 146 3
34 147 8
34 148 19
34 150 27
34 151 13
34 153 11
34 154 8
34 159 1
34 160 11
34 162 270
34 163 12
34 164 6
34 165 15
34 167 4
34 168 25
34 171 26
34 172 162
34 173 32
34 174 1
34 176 51
34 177 2
34 179 6
34 180 1
34 181 9
34 183 72
34 185 2
34 186 10
34 187 21
34 189 11
34 191 3
34 192 28
34 193 26
34 194 5
34 195 2
34 197 20
34 199 5
34 201 10
34 202 2
34 205 14
34 206 2
34 207 10
34 208 9
34 210 10
34 211 7
34 213 9
34 214 4
34 215 2
34 216 1
34 217 1
34 218 1
34 221 2
34 222 2
34 224 26
34 225 11
34 226 5
34 227 8
34 228 6
34 229 18
34 230 5
34 231 6
34 232 3
34 234 3
34 235 5
34 236 20
34 237 3
34 238 4
34 239 26
34 242 6
34 243 19
34 244 6
34 246 166
34 247 6
34 248 10
34 251 19
34 254 28
35 1 9
35 2 14
35 3 43
35 5 1
35 6 1
35 7 36
35 9 10
35 10 9
35 11 8
35 14 40
35 15 1
35 16 22
35 17 8
35 24 1
35 25 21
35 26 2
35 28 3
35 29 1
35 30 201
35 31 36
35 33 29
35 34 183
35 35 2
35 36 2
35 37 122
35 39 20
35 40 19
35 41 31
35 42 2
35 44 9
35 46 10
35 47 27
35 48 4
35 49 11
35 50 14
35 54 37
35 55 12
35 56 1
35 57 25
35 58 40
35 59 79
35 60 14
35 61 16
35 62 14
35 63 4
35 64 9
35 65 14
35 66 11
35 67 4
35 68 2
35 69 14
35 70 1
35 71 11
35 72 22
35 73 27
35 74 9
35 75 5
35 77 1
35 78 37
35 79 2
35 81 24
35 82 60
35 85 13
35 86 14
35 87 9
35 88 19
35 89 2
35 90 1
35 91 28
35 92 12
35 93 10
35 94 23
35 95 23
35 96 88
35 97 7
35 99 1
35 100 58
35 101 2
35 102 2
35 104 9
35 105 13
35 106 19
35 108 72
35 109 1
35 110 16
35 111 2
35 112 19
35 113 27
35 114 5
35 115 49
35 117 3
35 119 17
35 121 6
35 123 2
35 125 8
35 127 2
35 130 1
35 131 9
35 132 3
35 133 27
35 136 15
35 137 16
35 140 7
35 141 1
35 144 5
35 145 2
35 147 17
35 149 19
35 152 3
35 153 2
35 154 53
35 155 11
35 156 11
35 157 72
35 159 15
35 160 9
35 163 13
35 165 5
35 166 1
35 167 2
35 168 11
35 169 4
35 172 39
35 173 6
35 174 8
35 175 19
35 176 9
35 177 1
35 178 38
35 179 1
35 180 1
35 181 2
35 185 46
35 186 6
35 188 37
35 189 26
35 190 4
35 191 5
35 192 8
35 193 11
35 196 181
35 197 11
35 198 7
35 199 3
35 200 7
35 201 2
35 202 11
35 203 4
35 205 6
35 206 3
35 208 11
35 209 7
35 210 27
35 211 6
35 212 1
35 214 92
35 215 7
35 216 2
35 219 2
35 222 8
35 223 11
35 224 11
35 225 8
35 226 2
35 227 27
35 228 179
35 229 26
35 230 23
35 231 10
35 235 1
35 236 4
35 238 2
35 239 7
35 240 15
35 241 4
35 242 5
35 244 1
35 246 25
35 247 10
35 248 32
35 251 1
35 252 13
35 254 11
36 1 1
36 2 4
36 3 95
36 6 11
36 7 5
36 8 17
36 9 26
36 10 9
36 11 3
36 13 3
36 16 13
36 18 16
36 20 4
36 22 1
36 23 9
36 24 6
36 25 2
36 26 6
36 27 2
36 28 4
36 31 1
36 33 24
36 34 2
36 35 12
36 36 49
36 37 12
36 38 38
36 39 120
36 40 26
36 41 3
36 46 12
36 47 1
36 48 10
36 49 16
36 50 11
36 51 62
36 53 32
36 54 7
36 56 3
36 57 5
36 58 20
36 59 7
36 60 10
36 62 8
36 63 12
36 64 7
36 65 3
36 66 3
36 67 4
36 68 8
36 70 6
36 71 159
36 72 2
36 74 2
36 75 2
36 79 6
36 80 15
36 81 1
36 82 1
36 83 307
36 84 25
36 85 2
36 86 2
36 87 2
36 88 20
36 90 17
36 92 1
36 93 12
36 94 16
36 96 27
36 97 4
36 98 31
36 99 35
36 101 8
36 103 11
36 104 94
36 105 5
36 106 36
36 107 20
36 108 5
36 109 7
36 110 1
36 111 5
36 112 7
36 113 2
36 114 56
36 115 5
36 116 2
36 118 19
36 119 17
36 120 3
36 121 12
36 122 18
36 123 13
36 125 23
36 126 11
36 127 10
36 129 11
36 130 10
36 131 2
36 132 1
36 133 14
36 135 12
36 136 30
36 137 1
36 138 12
36 139 7
36 141 25
36 142 1
36 145 7
36 146 29
36 149 68
36 152 5
36 153 16
36 154 23
36 155 1
36 156 2
36 157 11
36 158 9
36 159 3
36 160 1
36 161 12
36 162 2
36 164 15
36 165 245
36 166 2
36 167 32
36 171 14
36 172 10
36 173 4
36 174 19
36 175 4
36 176 2
36 177 60
36 179 1
36 180 91
36 181 1
36 183 1
36 184 10
36 186 16
36 187 7
36 188 5
36 189 8
36 190 3
36 191 1
36 192 17
36 194 28
36 195 53
36 196 35
36 197 49
36 199 8
36 200 15
36 201 42
36 203 14
36 206 1
36 208 12
36 209 8
36 210 3
36 211 6
36 213 69
36 214 7
36 215 3
36 216 3
36 217 4
36 218 9
36 219 5
36 221 6
36 222 31
36 223 23
36 224 1
36 225 2
36 226 2
36 228 1
36 229 7
36 232 60
36 233 6
36 234 2
36 235 27
36 236 13
36 237 12
36 238 29
36 240 3
36 241 13
36 242 20
36 243 12
36 245 4
36 248 13
36 249 13
36 251 4
36 252 1
36 253 15
36 255 29
37 0 57
37 1 9
37 2 17
37 3 20
37 4 31
37 5 37
37 8 2
37 9 43
37 10 56
37 11 3
37 12 8
37 13 6
37 14 17
37 16 10
37 17 22
37 19 6
37 20 36
37 21 5
37 22 1
37 23 1
37 26 6
37 27 20
37 30 1
37 31 73
37 32 20
37 33 2
37 34 4
37 35 14
37 39 1
37 40 25
37 41 4
37 42 4
37 43 5
37 44 12
37 45 14
37 46 53
37 47 6
37 48 10
37 49 2
37 50 1
37 51 56
37 52 9
37 54 5
37 55 1
37 56 16
37 58 67
37 59 3
37 61 1
37 62 2
37 63 3
37 64 6
37 65 63
37 66 30
37 68 15
37 69 3
37 70 10
37 72 47
37 73 6
37 74 1
37 75 5
37 77 2
37 79 2
37 82 8
37 83 11
37 84 2
37 86 1
37 87 1
37 88 1
37 89 24
37 90 13
37 91 8
37 92 6
37 93 2
37 94 11
37 96 84
37 97 49
37 99 51
37 100 3
37 101 1
37 102 1
37 103 3
37 106 23
37 107 6
37 108 5
37 110 2
37 111 64
37 112 26
37 113 2
37 114 3
37 115 22
37 116 8
37 118 53
37 119 1
37 121 7
37 122 2
37 123 4
37 124 1
37 125 10
37 126 5
37 128 4
37 130 21
37 131 7
37 132 13
37 134 16
37 135 5
37 137 19
37 138 1
37 139 22
37 141 14
37 142 41
37 143 3
37 144 36
37 146 47
37 148 2
37 149 6
37 150 32
37 152 2
37 154 25
37 155 25
37 157 47
37 159 24
37 160 9
37 161 11
37 162 2
37 163 1
37 164 2
37 166 52
37 167 1
37 168 1
37 170 7
37 172 58
37 173 4
37 175 8
37 176 4
37 177 72
37 179 6
37 180 5
37 181 17
37 182 65
37 183 28
37 185 23
37 186 54
37 187 14
37 189 5
37 190 34
37 192 2
37 193 5
37 194 5
37 195 3
37 196 2
37 197 12
37 199 8
37 200 3
37 201 1
37 202 2
37 203 6
37 205 36
37 206 23
37 208 38
37 209 28
37 210 11
37 212 8
37 214 9
37 215 246
37 216 43
37 218 63
37 219 8
37 220 26
37 221 1
37 222 6
37 223 23
37 225 9
37 227 26
37 228 25
37 229 51
37 230 6
37 231 10
37 232 16
37 233 29
37 235 6
37 236 1
37 238 3
37 239 56
37 240 18
37 244 47
37 245 16
37 247 5
37 248 1
37 249 1
37 251 1
37 252 1
37 253 10
37 254 49
37 255 15
38 0 3
38 2 57
38 3 7
38 4 1
38 6 190
38 7 2
38 8 4
38 9 33
38 12 8
38 13 6
38 14 7
38 15 57
38 16 101
38 17 16
38 18 28
38 21 2
38 23 90
38 25 37
38 26 4
38 27 1
38 31 13
38 32 304
38 33 3
38 35 2
38 36 15
38 37 37
38 38 8
38 39 29
38 41 8
38 42 3
38 43 3
38 44 82
38 45 32
38 46 1
38 47 8
38 48 5
38 49 1
38 51 9
38 52 2
38 53 8
38 54 1
38 55 9
38 56 1
38 58 6
38 59 15
38 61 1
38 62 21
38 63 1
38 64 5
38 65 1
38 66 8
38 68 104
38 69 42
38 70 5
38 71 2
38 72 16
38 73 3
38 74 7
38 75 36
38 76 21
38 78 15
38 79 3
38 80 1
38 81 1
38 82 1
38 83 27
38 84 1
38 85 1
38 86 3
38 87 15
38 89 65
38 91 6
38 92 2
38 93 27
38 94 73
38 96 10
38 97 19
38 98 118
38 100 2
38 102 6
38 103 5
38 104 1
38 105 44
38 106 41
38 109 1
38 111 1
38 112 14
38 113 3
38 114 12
38 115 44
38 116 2
38 117 10
38 118 6
38 119 17
38 120 2
38 122 15
38 127 18
38 129 14
38 130 10
38 132 14
38 133 9
38 134 19
38 135 2
38 136 2
38 137 1
38 139 5
38 140 15
38 141 15
38 142 14
38 143 3
38 144 10
38 146 1
38 148 6
38 149 3
38 151 1
38 153 4
38 154 7
38 155 9
38 157 3
38 158 3
38 159 7
38 160 34
38 161 99
38 162 17
38 163 9
38 164 21
38 165 30
38 166 90
38 168 10
38 170 35
38 172 4
38 173 11
38 174 19
38 175 5
38 176 3
38 177 1
38 178 63
38 179 115
38 180 15
38 181 8
38 182 7
38 183 3
38 184 2
38 186 10
38 187 6
38 188 3
38 189 13
38 192 6
38 194 2
38 195 2
38 196 2
38 197 3
38 198 6
38 199 5
38 200 29
38 201 53
38 202 14
38 204 1
38 207 13
38 208 2
38 209 42
38 210 16
38 211 1
38 212 4
38 213 5
38 214 6
38 215 7
38 216 25
38 218 1
38 219 1
38 222 56
38 223 29
38 224 15
38 225 3
38 227 2
38 228 11
38 229 13
38 231 10
38 234 24
38 235 4
38 237 9
38 238 16
38 239 6
38 241 9
38 243 1
38 244 1
38 245 1
38 247 2
38 249 1
38 250 4
38 251 2
38 252 1
38 255 16
39 1 4
39 3 1
39 4 18
39 5 16
39 7 2
39 8 23
39 9 8
39 10 44
39 11 33
39 12 22
39 13 13
39 14 9
39 16 4
39 17 18
39 18 9
39 19 2
39 20 10
39 21 5
39 22 2
39 23 3
39 24 15
39 25 2
39 26 3
39 27 4
39 28 14
39 29 7
39 30 26
39 31 56
39 32 4
39 33 4
39 34 13
39 37 36
39 39 4
39 41 7
39 42 11
39 43 49
39 44 3
39 45 14
39 46 7
39 48 5
39 49 62
39 50 1
39 51 63
39 53 17
39 54 4
39 56 40
39 57 20
39 59 2
39 61 17
39 63 12
39 64 9
39 65 13
39 67 11
39 68 12
39 69 102
39 70 10
39 71 7
39 72 30
39 73 6
39 74 45
39 75 6
39 76 9
39 78 5
39 79 22
39 80 5
39 81 16
39 82 50
39 83 2
39 84 51
39 85 5
39 86 16
39 88 4
39 89 4
39 90 3
39 91 18
39 92 12
39 94 2
39 95 1
39 96 10
39 97 2
39 98 7
39 99 7
39 100 114
39 103 36
39 104 42
39 105 1
39 107 8
39 108 49
39 109 3
39 110 1
39 112 8
39 113 1
39 115 6
39 116 7
39 117 28
39 118 29
39 119 25
39 120 5
39 121 5
39 122 35
39 126 32
39 128 10
39 129 54
39 130 3
39 132 2
39 136 4
39 137 3
39 138 3
39 140 1
39 141 3
39 142 193
39 143 6
39 144 29
39 146 19
39 148 40
39 149 1
39 150 4
39 152 6
39 153 13
39 154 27
39 155 4
39 156 7
39 158 28
39 160 18
39 161 17
39 162 8
39 164 85
39 165 15
39 166 3
39 167 3
39 168 26
39 171 3
39 172 10
39 174 149
39 175 70
39 176 10
39 177 25
39 178 14
39 179 19
39 180 7
39 181 8
39 182 12
39 183 16
39 185 1
39 186 12
39 187 5
39 189 8
39 190 35
39 191 2
39 192 5
39 193 2
39 194 4
39 195 7
39 196 10
39 197 7
39 198 6
39 199 84
39 200 4
39 202 4
39 203 1
39 204 1
39 205 5
39 208 13
39 209 3
39 210 5
39 211 41
39 212 29
39 213 5
39 215 1
39 216 7
39 218 1
39 219 1
39 220 7
39 223 6
39 225 7
39 226 7
39 227 17
39 228 8
39 229 38
39 231 13
39 232 10
39 233 2
39 235 3
39 236 2
39 237 16
39 239 7
39 240 3
39 242 92
39 243 29
39 244 109
39 245 36
39 249 3
39 250 3
39 252 22
39 253 3
39 255 21
40 0 14
40 1 3
40 2 5
40 3 10
40 4 14
40 5 8
40 6 71
40 7 1
40 10 3
40 11 24
40 13 8
40 14 11
40 15 14
40 16 1
40 17 3
40 18 3
40 19 185
40 22 5
40 23 31
40 24 3
40 25 1
40 26 1
40 28 3
40 29 2
40 30 13
40 31 3
40 32 3
40 34 20
40 35 34
40 36 1
40 37 3
40 41 2
40 42 7
40 43 49
40 45 1
40 46 48
40 47 13
40 48 15
40 49 3
40 50 5
40 51 5
40 52 12
40 53 2
40 54 20
40 55 17
40 57 2
40 58 1
40 59 5
40 60 2
40 62 3
40 63 6
40 64 25
40 65 95
40 67 5
40 68 1
40 69 24
40 70 24
40 72 1
40 73 31
40 74 1
40 75 5
40 76 116
40 77 1
40 78 3
40 80 8
40 81 2
40 82 16
40 84 20
40 86 2
40 87 3
40 88 10
40 89 6
40 90 9
40 91 7
40 93 1
40 94 2
40 95 20
40 96 11
40 97 1
40 98 23
40 99 15
40 100 13
40 101 33
40 102 24
40 103 7
40 104 32
40 105 5
40 106 4
40 107 27
40 108 43
40 109 2
40 110 5
40 111 33
40 112 16
40 113 16
40 114 28
40 115 81
40 116 51
40 118 1
40 119 3
40 120 53
40 122 1
40 123 9
40 124 52
40 127 16
40 128 4
40 129 3
40 130 10
40 131 10
40 132 23
40 134 4
40 135 20
40 137 5
40 139 5
40 140 41
40 141 23
40 143 69
40 144 18
40 145 4
40 146 17
40 147 2
40 148 8
40 149 19
40 150 22
40 153 2
40 154 51
40 155 1
40 156 6
40 159 4
40 160 1
40 163 14
40 164 100
40 165 9
40 166 11
40 167 9
40 168 79
40 169 29
40 173 7
40 174 15
40 175 16
40 176 59
40 177 18
40 178 8
40 181 6
40 183 22
40 185 1
40 187 9
40 189 44
40 190 27
40 191 5
40 192 3
40 193 3
40 194 6
40 197 12
40 198 18
40 199 9
40 200 4
40 201 3
40 202 8
40 203 11
40 205 166
40 206 18
40 207 15
40 208 7
40 209 34
40 211 33
40 212 12
40 214 15
40 215 5
40 216 14
40 217 30
40 219 29
40 221 4
40 223 40
40 225 2
40 226 18
40 227 13
40 228 1
40 229 51
40 230 5
40 231 6
40 232 18
40 234 7
40 235 2
40 236 50
40 237 10
40 238 17
40 239 4
40 240 15
40 241 8
40 244 4
40 246 8
40 247 38
40 248 9
40 249 12
40 251 31
40 252 4
40 255 2
41 0 11
41 1 5
41 2 1
41 3 1
41 4 3
41 5 23
41 6 49
41 8 13
41 10 21
41 13 14
41 14 25
41 15 13
41 16 1
41 18 6
41 19 31
41 20 9
41 21 4
41 22 1
41 25 29
41 26 2
41 27 8
41 28 25
41 29 119
41 30 5
41 31 21
41 32 5
41 33 8
41 34 6
41 35 42
41 38 5
41 39 6
41 40 1
41 42 2
41 43 3
41 44 36
41 45 3
41 46 29
41 47 24
41 48 1
41 49 1
41 50 9
41 52 1
41 53 1
41 54 4
41 55 33
41 58 2
41 59 28
41 60 1
41 61 13
41 62 5
41 63 3
41 64 52
41 65 5
41 67 20
41 68 18
41 69 15
41 71 5
41 72 56
41 73 6
41 74 1
41 75 1
41 76 1
41 78 2
41 79 5
41 80 3
41 81 33
41 82 18
41 83 4
41 84 5
41 85 92
41 88 52
41 92 1
41 93 24
41 94 3
41 95 8
41 97 7
41 98 5
41 99 6
41 100 7
41 101 22
41 102 15
41 104 5
41 105 1
41 106 16
41 107 1
41 109 19
41 110 28
41 111 3
41 112 10
41 113 8
41 114 14
41 116 26
41 117 40
41 119 19
41 120 16
41 121 8
41 122 25
41 123 16
41 124 1
41 125 4
41 127 7
41 128 2
41 129 9
41 130 1
41 131 2
41 132 38
41 133 26
41 134 5
41 136 11
41 137 8
41 138 52
41 139 64
41 140 15
41 141 16
41 142 15
41 143 38
41 144 16
41 145 1
41 146 16
41 148 3
41 149 20
41 150 40
41 151 9
41 154 3
41 155 89
41 156 10
41 157 33
41 158 32
41 159 9
41 160 85
41 162 16
41 163 1
41 164 13
41 165 20
41 167 1
41 168 15
41 169 13
41 171 1
41 172 6
41 173 53
41 175 2
41 177 64
41 178 38
41 180 11
41 181 14
41 182 3
41 183 12
41 185 17
41 188 23
41 189 12
41 190 3
41 191 68
41 192 3
41 193 2
41 196 1
41 198 6
41 199 55
41 201 2
41 202 39
41 204 32
41 205 3
41 206 7
41 209 75
41 210 49
41 211 19
41 212 7
41 213 3
41 215 9
41 216 4
41 217 1
41 219 3
41 220 1
41 221 30
41 223 2
41 224 37
41 226 25
41 228 8
41 229 30
41 230 20
41 231 27
41 232 17
41 233 28
41 234 6
41 235 113
41 236 17
41 237 3
41 238 12
41 239 10
41 240 15
41 241 5
41 243 21
41 244 1
41 245 1
41 246 5
41 248 11
41 249 70
41 251 11
41 252 4
41 253 42
41 254 19
42 0 2
42 2 122
42 3 24
42 4 5
42 5 18
42 6 7
42 7 10
42 8 4
42 9 9
42 11 8
42 12 1
42 13 14
42 15 8
42 16 1
42 19 17
42 20 214
42 21 5
42 24 4
42 27 3
42 28 9
42 29 21
42 30 2
42 31 8
42 32 22
42 33 23
42 36 40
42 37 3
42 39 1
42 40 4
42 42 4
42 43 10
42 44 10
42 46 1
42 47 1
42 48 1
42 49 16
42 50 1
42 51 26
42 52 4
42 53 13
42 54 72
42 55 5
42 56 1
42 57 1
42 58 2
42 59 1
42 60 1
42 61 10
42 62 2
42 63 7
42 64 6
42 65 3
42 68 1
42 69 13
42 70 24
42 71 2
42 74 22
42 75 24
42 76 2
42 77 4
42 80 10
42 81 18
42 82 40
42 83 216
42 84 5
42 85 5
42 86 23
42 87 12
42 89 15
42 90 10
42 91 7
42 92 42
42 93 1
42 96 4
42 97 14
42 98 6
42 99 4
42 100 40
42 103 6
42 105 1
42 106 32
42 107 15
42 108 26
42 109 25
42 111 5
42 112 19
42 113 48
42 114 12
42 116 8
42 117 9
42 118 2
42 119 19
42 120 10
42 121 9
42 123 4
42 124 6
42 126 27
42 129 5
42 130 5
42 131 14
42 133 2
42 134 42
42 135 1
42 136 13
42 137 11
42 138 6
42 139 27
42 141 11
42 142 13
42 143 13
42 144 3
42 145 23
42 146 11
42 147 5
42 148 5
42 149 20
42 150 16
42 153 9
42 154 5
42 155 34
42 156 15
42 158 8
42 159 1
42 160 5
42 161 24
42 162 10
42 163 3
42 164 24
42 165 32
42 166 17
42 167 83
42 168 70
42 170 132
42 173 52
42 174 6
42 175 11
42 177 25
42 178 10
42 179 7
42 180 76
42 181 4
42 183 52
42 184 22
42 186 1
42 187 3
42 188 9
42 189 15
42 190 10
42 191 8
42 192 24
42 193 17
42 194 7
42 195 19
42 196 20
42 197 62
42 199 1
42 201 1
42 202 22
42 203 19
42 205 18
42 206 5
42 207 7
42 208 2
42 209 8
42 210 12
42 211 38
42 216 32
42 217 1
42 218 28
42 219 19
42 220 6
42 221 10
42 222 8
42 223 11
42 226 23
42 227 11
42 228 7
42 229 14
42 231 1
42 233 48
42 235 2
42 236 5
42 238 10
42 239 1
42 240 5
42 242 58
42 243 1
42 245 3
42 246 14
42 248 10
42 249 14
42 250 10
42 251 3
42 252 33
42 253 48
42 254 18
42 255 37
43 0 11
43 4 88
43 6 1
43 8 8
43 10 1
43 12 9
43 13 9
43 14 7
43 15 3
43 16 25
43 17 31
43 18 3
43 19 78
43 21 23
43 22 6
43 23 18
43 24 4
43 25 10
43 26 18
43 28 6
43 29 64
43 30 6
43 32 7
43 33 9
43 34 25
43 35 1
43 37 7
43 38 13
43 39 16
43 40 4
43 41 15
43 42 62
43 43 12
43 44 46
43 46 7
43 47 19
43 49 10
43 52 6
43 54 5
43 55 8
43 56 2
43 58 31
43 59 2
43 60 5
43 61 119
43 62 7
43 63 15
43 66 23
43 67 4
43 69 32
43 70 2
43 72 9
43 73 2
43 74 6
43 75 42
43 76 6
43 77 1
43 80 13
43 81 31
43 85 34
43 86 17
43 87 18
43 88 5
43 89 27
43 90 5
43 91 4
43 92 6
43 93 29
43 95 12
43 97 19
43 98 9
43 99 32
43 102 16
43 103 9
43 105 20
43 106 31
43 107 6
43 109 2
43 111 8
43 114 8
43 115 100
43 116 3
43 117 19
43 118 4
43 119 39
43 120 75
43 122 4
43 123 13
43 124 46
43 126 4
43 127 9
43 128 34
43 129 1
43 130 3
43 131 15
43 132 60
43 133 29
43 134 1
43 136 25
43 139 15
43 140 38
43 141 4
43 142 1
43 143 5
43 145 6
43 146 79
43 147 1
43 148 96
43 149 15
43 150 2
43 151 7
43 152 3
43 153 3
43 157 5
43 158 16
43 159 10
43 160 28
43 161 31
43 162 18
43 163 5
43 164 6
43 165 50
43 166 15
43 167 1
43 168 5
43 169 48
43 170 25
43 171 3
43 172 20
43 173 46
43 174 5
43 175 18
43 176 15
43 177 11
43 178 31
43 179 3
43 180 50
43 182 11
43 183 59
43 184 26
43 185 16
43 186 2
43 187 48
43 189 32
43 190 6
43 192 17
43 194 10
43 196 8
43 197 15
43 198 4
43 199 1
43 200 1
43 201 9
43 203 58
43 204 8
43 205 1
43 207 12
43 208 1
43 210 2
43 211 9
43 213 2
43 214 1
43 217 1
43 218 51
43 220 2
43 221 3
43 222 6
43 223 7
43 224 67
43 226 31
43 227 16
43 228 21
43 229 8
43 230 7
43 231 11
43 232 47
43 233 12
43 234 7
43 235 2
43 236 15
43 237 9
43 238 2
43 239 10
43 240 7
43 241 13
43 242 40
43 243 7
43 245 15
43 246 10
43 247 15
43 248 10
43 250 9
43 251 12
43 252 13
43 254 17
44 0 24
44 1 6
44 2 4
44 3 4
44 4 31
44 5 4
44 7 4
44 8 2
44 10 22
44 14 4
44 15 40
44 16 4
44 18 72
44 20 7
44 21 20
44 23 20
44 24 10
44 25 18
44 26 7
44 27 5
44 28 84
44 29 5
44 30 1
44 31 6
44 32 5
44 34 25
44 35 2
44 36 42
44 37 7
44 39 5
44 41 113
44 42 1
44 44 1
44 46 5
44 47 16
44 49 28
44 52 14
44 53 327
44 54 6
44 55 55
44 56 2
44 57 10
44 58 12
44 59 20
44 60 1
44 62 14
44 63 66
44 64 19
44 65 18
44 66 5
44 67 2
44 69 4
44 71 48
44 72 14
44 73 1
44 74 17
44 75 3
44 76 50
44 77 12
44 80 13
44 81 16
44 82 9
44 84 8
44 85 15
44 90 19
44 93 6
44 94 5
44 96 16
44 97 2
44 98 1
44 99 62
44 100 2
44 101 3
44 103 36
44 105 14
44 106 12
44 108 1
44 109 17
44 112 7
44 114 17
44 116 7
44 118 2
44 120 1
44 121 5
44 122 15
44 123 63
44 124 18
44 127 7
44 129 8
44 130 7
44 131 47
44 133 1
44 134 8
44 136 3
44 138 9
44 139 3
44 140 2
44 142 7
44 144 1
44 145 36
44 147 41
44 148 22
44 150 40
44 152 10
44 153 17
44 154 4
44 155 1
44 158 12
44 161 1
44 162 4
44 163 6
44 164 15
44 165 6
44 166 50
44 167 40
44 168 5
44 169 20
44 171 10
44 172 2
44 174 9
44 175 1
44 176 35
44 177 9
44 178 8
44 179 10
44 181 1
44 182 23
44 184 89
44 185 3
44 187 13
44 189 3
44 192 14
44 193 41
44 195 17
44 196 25
44 197 7
44 199 11
44 200 12
44 202 1
44 203 56
44 204 5
44 205 25
44 208 4
44 209 8
44 210 28
44 211 17
44 213 1
44 214 3
44 216 12
44 217 9
44 218 10
44 219 8
44 220 5
44 221 23
44 223 5
44 225 32
44 228 8
44 229 116
44 230 4
44 231 57
44 232 163
44 233 130
44 234 15
44 237 3
44 238 4
44 239 14
44 240 3
44 241 2
44 242 14
44 243 1
44 244 5
44 245 7
44 247 16
44 250 76
44 251 1
44 252 13
44 253 6
44 254 1
44 255 3
45 0 6
45 1 13
45 2 4
45 3 11
45 5 24
45 6 10
45 7 3
45 8 19
45 9 2
45 10 49
45 11 11
45 12 23
45 13 1
45 15 3
45 16 15
45 17 1
45 18 7
45 19 5
45 20 42
45 22 17
45 28 8
45 29 31
45 30 25
45 31 39
45 32 5
45 33 5
45 34 45
45 35 12
45 36 7
45 37 9
45 38 1
45 39 11
45 40 15
45 42 15
45 43 7
45 45 57
45 46 17
45 49 21
45 50 13
45 51 4
45 53 2
45 54 8
45 55 1
45 56 27
45 57 1
45 61 24
45 62 29
45 64 4
45 65 2
45 66 3
45 68 7
45 69 16
45 71 12
45 72 7
45 73 12
45 74 6
45 76 181
45 77 1
45 78 30
45 79 8
45 81 2
45 82 15
45 85 14
45 86 13
45 87 3
45 88 2
45 89 9
45 90 21
45 91 43
45 93 12
45 95 5
45 96 4
45 97 3
45 99 1
45 100 2
45 101 44
45 102 15
45 103 4
45 104 13
45 106 35
45 107 11
45 109 40
45 110 12
45 111 18
45 114 4
45 115 31
45 116 18
45 117 5
45 118 8
45 119 197
45 120 20
45 121 11
45 122 16
45 125 15
45 126 38
45 127 3
45 128 15
45 129 5
45 130 1
45 131 1
45 132 34
45 133 6
45 134 4
45 135 3
45 136 4
45 138 5
45 139 1
45 141 39
45 142 20
45 144 29
45 146 6
45 147 42
45 150 27
45 153 2
45 154 1
45 155 19
45 156 3
45 157 4
45 158 16
45 159 1
45 161 76
45 162 10
45 164 8
45 165 25
45 166 44
45 167 4
45 168 2
45 169 3
45 170 2
45 171 2
45 172 17
45 173 5
45 174 45
45 175 21
45 176 4
45 177 16
45 178 27
45 179 1
45 182 20
45 186 7
45 187 16
45 188 27
45 189 2
45 191 9
45 192 11
45 193 2
45 197 5
45 199 61
45 200 9
45 201 29
45 202 23
45 203 23
45 204 8
45 206 1
45 207 22
45 208 197
45 209 1
45 210 38
45 211 45
45 214 6
45 215 55
45 216 18
45 217 4
45 218 6
45 219 35
45 220 6
45 223 32
45 224 3
45 226 42
45 227 69
45 228 3
45 229 21
45 232 20
45 233 39
45 234 1
45 235 19
45 237 7
45 238 41
45 240 3
45 241 8
45 242 3
45 243 12
45 244 25
45 245 3
45 247 21
45 248 7
45 250 2
45 251 17
45 253 9
45 254 10
45 255 52
46 0 9
46 1 15
46 3 152
46 4 19
46 5 1
46 6 35
46 9 35
46 10 9
46 11 4
46 13 19
46 14 4
46 15 14
46 16 6
46 17 37
46 18 17
46 19 41
46 20 17
46 22 15
46 23 2
46 24 1
46 25 14
46 26 9
46 28 29
46 29 1
46 30 2
46 31 20
46 32 56
46 33 53
46 34 1
46 35 34
46 36 11
46 38 27
46 39 3
46 40 17
46 41 8
46 42 28
46 43 1
46 44 14
46 45 15
46 46 4
46 47 30
46 48 37
46 49 1
46 50 27
46 52 115
46 53 7
46 55 14
46 56 29
46 58 5
46 59 1
46 60 2
46 61 53
46 62 8
46 65 3
46 66 40
46 67 13
46 68 1
46 69 2
46 70 8
46 71 10
46 72 2
46 73 20
46 74 3
46 75 3
46 76 10
46 77 8
46 79 22
46 80 28
46 81 4
46 83 2
46 84 2
46 85 6
46 86 1
46 87 2
46 88 60
46 89 6
46 90 1
46 91 10
46 92 1
46 93 23
46 95 57
46 96 2
46 98 16
46 99 3
46 100 5
46 102 113
46 103 12
46 104 9
46 105 6
46 106 15
46 107 120
46 109 34
46 110 1
46 111 16
46 112 17
46 113 12
46 114 3
46 116 16
46 117 91
46 118 28
46 119 4
46 120 2
46 121 5
46 122 1
46 123 6
46 124 2
46 125 13
46 126 6
46 127 1
46 128 2
46 129 2
46 131 6
46 132 10
46 133 2
46 135 5
46 136 4
46 138 9
46 140 60
46 142 31
46 145 11
46 146 18
46 147 24
46 148 11
46 154 18
46 155 2
46 156 34
46 157 2
46 158 14
46 159 47
46 160 3
46 161 13
46 162 1
46 164 9
46 165 6
46 166 53
46 167 25
46 168 2
46 169 15
46 170 20
46 171 11
46 172 33
46 173 19
46 174 1
46 175 31
46 176 3
46 177 16
46 179 7
46 181 2
46 182 64
46 183 9
46 184 10
46 185 13
46 186 20
46 187 15
46 188 3
46 189 12
46 190 24
46 191 48
46 192 68
46 194 15
46 195 1
46 196 7
46 197 9
46 198 1
46 199 2
46 200 1
46 201 7
46 202 3
46 204 2
46 205 8
46 206 4
46 207 26
46 208 29
46 209 9
46 211 15
46 212 2
46 215 17
46 216 28
46 217 2
46 218 5
46 219 63
46 220 2
46 221 1
46 223 3
46 225 3
46 227 45
46 228 3
46 229 3
46 230 35
46 231 4
46 232 1
46 233 11
46 234 6
46 237 14
46 238 7
46 239 5
46 240 13
46 242 32
46 244 5
46 245 27
46 247 7
46 248 1
46 249 2
46 251 20
46 252 11
46 253 8
46 254 21
46 255 7
47 0 20
47 1 15
47 2 9
47 3 10
47 4 3
47 5 2
47 6 7
47 7 249
47 8 3
47 10 6
47 11 12
47 12 28
47 15 30
47 16 3
47 17 5
47 18 2
47 19 55
47 22 1
47 23 5
47 24 1
47 25 33
47 26 65
47 27 20
47 29 41
47 31 3
47 33 19
47 34 43
47 35 1
47 38 61
47 39 14
47 40 3
47 42 6
47 43 7
47 44 21
47 45 6
47 46 2
47 47 20
47 48 26
47 50 3
47 51 11
47 52 9
47 55 13
47 56 16
47 57 1
47 59 4
47 60 9
47 61 5
47 62 45
47 63 3
47 64 4
47 66 24
47 67 1
47 68 10
47 69 1
47 70 34
47 71 11
47 72 8
47 73 3
47 74 20
47 75 5
47 76 29
47 77 18
47 80 50
47 82 67
47 83 8
47 85 1
47 86 18
47 87 75
47 89 2
47 91 5
47 93 1
47 94 18
47 95 5
47 96 9
47 97 17
47 98 2
47 99 27
47 102 3
47 103 2
47 104 3
47 105 9
47 107 13
47 110 12
47 111 24
47 112 19
47 114 9
47 115 4
47 116 8
47 117 3
47 118 8
47 119 19
47 121 3
47 123 11
47 124 4
47 125 19
47 126 9
47 127 6
47 129 26
47 130 13
47 132 15
47 133 9
47 134 2
47 135 23
47 136 15
47 137 9
47 139 22
47 141 1
47 142 3
47 143 18
47 145 1
47 146 5
47 148 1
47 149 10
47 150 45
47 153 26
47 154 4
47 156 30
47 157 48
47 158 1
47 159 11
47 160 3
47 162 11
47 163 4
47 164 12
47 165 1
47 166 5
47 167 4
47 169 1
47 170 4
47 171 34
47 172 47
47 175 7
47 177 41
47 179 9
47 181 2
47 182 7
47 183 14
47 184 40
47 185 21
47 186 32
47 187 14
47 188 85
47 189 2
47 190 5
47 191 22
47 192 3
47 193 29
47 195 32
47 196 47
47 197 3
47 198 79
47 199 3
47 200 31
47 201 16
47 202 13
47 204 4
47 205 1
47 206 8
47 207 3
47 208 151
47 209 4
47 210 6
47 211 19
47 212 1
47 213 1
47 214 4
47 215 28
47 218 16
47 219 47
47 220 2
47 222 5
47 223 9
47 224 12
47 225 9
47 226 1
47 227 79
47 228 2
47 229 56
47 230 2
47 232 2
47 233 7
47 234 5
47 235 12
47 236 14
47 237 6
47 238 16
47 241 36
47 242 18
47 243 21
47 244 23
47 246 18
47 247 15
47 248 15
47 249 20
47 250 33
47 251 29
47 253 1
47 254 9
47 255 28
48 0 6
48 1 26
48 2 5
48 3 4
48 4 7
48 6 10
48 7 1
48 8 16
48 10 2
48 11 9
48 13 3
48 14 1
48 15 15
48 16 9
48 17 1
48 18 5
48 21 14
48 23 46
48 24 41
48 26 1
48 28 1
48 29 7
48 30 29
48 31 42
48 34 8
48 35 19
48 36 15
48 38 29
48 41 15
48 42 1
48 43 8
48 45 5
48 46 16
48 47 169
48 48 17
48 49 39
48 51 2
48 54 4
48 56 4
48 57 4
48 58 25
48 59 9
48 60 46
48 61 9
48 63 74
48 64 10
48 66 33
48 67 2
48 68 13
48 69 23
48 70 2
48 71 55
48 72 34
48 73 4
48 76 2
48 77 35
48 78 25
48 79 8
48 80 3
48 81 1
48 82 8
48 83 10
48 84 56
48 85 6
48 88 17
48 89 1
48 90 20
48 92 23
48 93 7
48 94 19
48 95 17
48 96 13
48 98 6
48 99 3
48 101 76
48 102 11
48 103 10
48 104 11
48 105 6
48 107 5
48 108 5
48 109 71
48 110 2
48 112 13
48 113 6
48 114 8
48 115 11
48 116 52
48 117 15
48 118 2
48 119 20
48 120 14
48 121 4
48 123 15
48 124 2
48 125 48
48 127 2
48 129 7
48 130 20
48 132 37
48 133 3
48 134 1
48 135 24
48 136 64
48 137 2
48 138 34
48 139 68
48 140 16
48 141 5
48 142 7
48 143 1
48 144 24
48 145 8
48 146 8
48 147 8
48 148 201
48 149 1
48 151 2
48 152 9
48 153 3
48 154 13
48 156 33
48 157 13
48 158 6
48 159 27
48 160 4
48 161 39
48 162 22
48 163 1
48 164 1
48 166 2
48 168 7
48 169 31
48 170 2
48 171 8
48 172 12
48 173 12
48 174 1
48 175 5
48 176 5
48 177 14
48 179 11
48 180 15
48 181 9
48 182 9
48 183 4
48 184 3
48 185 13
48 186 8
48 187 21
48 189 8
48 191 17
48 192 26
48 193 17
48 195 11
48 197 19
48 198 5
48 199 10
48 200 11
48 201 9
48 202 2
48 204 17
48 205 18
48 206 36
48 207 2
48 208 4
48 209 3
48 212 179
48 213 1
48 214 14
48 215 12
48 216 3
48 217 33
48 218 11
48 220 25
48 221 12
48 223 20
48 224 16
48 225 6
48 226 6
48 227 8
48 228 9
48 229 35
48 230 16
48 231 7
48 232 4
48 233 44
48 234 7
48 235 10
48 236 13
48 238 62
48 239 6
48 241 2
48 242 17
48 244 13
48 245 2
48 246 9
48 250 1
48 251 1
48 252 12
48 254 12
48 255 25
49 0 7
49 2 6
49 3 84
49 6 23
49 8 3
49 9 19
49 10 7
49 11 2
49 13 48
49 14 4
49 15 22
49 17 28
49 19 21
49 20 11
49 22 7
49 23 7
49 24 11
49 25 3
49 26 4
49 28 2
49 29 14
49 30 1
49 31 1
49 32 103
49 33 48
49 34 23
49 35 3
49 36 9
49 37 8
49 38 27
49 39 1
49 40 11
49 41 33
49 42 1
49 43 20
49 44 4
49 45 4
49 49 5
49 50 4
49 51 1
49 52 17
49 53 7
49 54 12
49 57 2
49 59 1
49 61 7
49 62 1
49 63 29
49 64 16
49 66 48
49 67 3
49 68 19
49 69 21
49 71 5
49 72 7
49 74 5
49 75 16
49 77 71
49 78 1
49 79 9
49 80 6
49 82 22
49 83 24
49 84 4
49 85 21
49 86 14
49 87 4
49 88 50
49 89 18
49 91 1
49 92 47
49 94 3
49 95 2
49 96 118
49 97 3
49 98 10
49 100 5
49 101 24
49 102 18
49 103 3
49 104 6
49 106 49
49 107 1
49 108 28
49 109 5
49 110 3
49 111 36
49 112 2
49 113 5
49 116 3
49 117 41
49 119 23
49 120 4
49 121 3
49 122 6
49 123 19
49 124 10
49 125 4
49 126 39
49 127 13
49 128 10
49 129 3
49 130 3
49 131 14
49 132 22
49 133 58
49 134 46
49 135 7
49 136 22
49 137 3
49 138 2
49 139 30
49 141 2
49 143 1
49 144 22
49 145 37
49 146 26
49 147 49
49 153 8
49 154 1
49 155 6
49 156 26
49 157 10
49 158 15
49 159 4
49 161 76
49 162 23
49 163 10
49 164 11
49 165 18
49 166 5
49 168 2
49 169 61
49 170 278
49 171 2
49 172 1
49 173 2
49 174 6
49 176 2
49 177 9
49 178 2
49 179 1
49 181 2
49 182 14
49 183 26
49 184 58
49 187 4
49 188 28
49 189 6
49 190 9
49 192 5
49 194 2
49 195 5
49 197 17
49 200 5
49 201 14
49 202 26
49 203 5
49 206 263
49 207 4
49 209 5
49 210 21
49 211 8
49 212 6
49 213 25
49 216 7
49 217 3
49 219 1
49 220 5
49 221 17
49 222 22
49 223 1
49 225 3
49 226 16
49 227 19
49 228 5
49 229 34
49 230 19
49 231 17
49 232 33
49 234 1
49 235 9
49 239 2
49 240 2
49 243 2
49 245 26
49 246 3
49 247 4
49 248 8
49 249 1
49 250 7
49 251 14
49 252 20
49 253 1
49 254 22
49 255 4
50 0 12
50 1 10
50 3 5
50 4 6
50 5 3
50 6 23
50 7 1
50 8 17
50 9 3
50 10 1
50 11 3
50 12 5
50 13 42
50 14 1
50 16 8
50 17 7
50 18 1
50 19 274
50 20 9
50 21 1
50 22 1
50 23 1
50 24 17
50 25 16
50 26 10
50 27 6
50 28 4
50 29 97
50 31 1
50 32 2
50 35 1
50 36 32
50 37 22
50 38 3
50 39 29
50 40 15
50 42 6
50 43 21
50 45 17
50 46 1
50 47 3
50 48 1
50 49 5
50 50 1
50 51 12
50 52 28
50 53 32
50 54 3
50 55 47
50 56 6
50 57 6
50 59 7
50 60 17
50 61 11
50 63 11
50 64 1
50 65 32
50 67 10
50 68 12
50 69 26
50 71 3
50 72 2
50 73 1
50 75 102
50 76 3
50 77 2
50 78 13
50 79 48
50 80 17
50 81 14
50 82 1
50 84 8
50 86 15
50 88 17
50 90 7
50 93 16
50 94 5
50 98 82
50 100 16
50 101 6
50 102 30
50 103 71
50 104 33
50 106 20
50 107 6
50 108 4
50 109 4
50 111 2
50 113 1
50 114 14
50 115 56
50 116 6
50 117 10
50 120 12
50 121 37
50 122 20
50 123 29
50 125 19
50 126 1
50 127 2
50 128 3
50 129 1
50 130 15
50 131 43
50 134 20
50 135 7
50 138 3
50 139 10
50 140 3
50 141 1
50 142 7
50 144 13
50 145 6
50 146 14
50 147 2
50 151 28
50 152 14
50 153 8
50 154 11
50 155 1
50 157 3
50 158 1
50 159 6
50 160 72
50 161 2
50 162 4
50 163 5
50 164 7
50 166 1
50 168 3
50 169 55
50 170 39
50 171 24
50 173 8
50 175 14
50 176 4
50 177 19
50 178 18
50 179 9
50 180 8
50 181 9
50 185 4
50 187 157
50 188 13
50 189 21
50 190 15
50 191 38
50 192 31
50 194 1
50 195 45
50 198 12
50 199 11
50 200 13
50 201 33
50 202 1
50 203 15
50 204 18
50 206 130
50 208 150
50 209 4
50 210 8
50 213 12
50 214 26
50 215 34
50 216 1
50 217 1
50 219 3
50 220 4
50 222 9
50 223 1
50 225 14
50 226 1
50 228 10
50 229 5
50 230 18
50 231 10
50 233 8
50 234 7
50 236 9
50 237 10
50 238 4
50 239 10
50 240 1
50 242 9
50 243 92
50 244 23
50 245 29
50 247 1
50 248 32
50 249 9
50 250 27
50 251 1
50 252 9
50 253 2
50 255 23
51 0 15
51 1 7
51 2 5
51 3 9
51 4 7
51 5 19
51 6 5
51 8 4
51 9 8
51 11 30
51 13 1
51 14 34
51 15 20
51 16 4
51 17 5
51 18 8
51 19 55
51 20 1
51 21 56
51 24 1
51 25 11
51 26 23
51 27 13
51 29 3
51 30 8
51 31 2
51 32 2
51 34 12
51 35 1
51 36 10
51 37 3
51 38 10
51 40 3
51 41 31
51 42 2
51 43 10
51 44 31
51 45 2
51 47 5
51 50 2
51 52 64
51 53 3
51 54 7
51 55 25
51 56 3
51 57 5
51 58 7
51 59 11
51 61 2
51 65 6
51 66 85
51 67 16
51 68 13
51 69 1
51 71 3
51 72 2
51 73 18
51 74 11
51 75 5
51 76 48
51 77 2
51 78 3
51 79 1
51 80 56
51 81 5
51 82 1
51 83 6
51 84 28
51 85 7
51 86 6
51 87 15
51 88 3
51 89 6
51 90 7
51 91 6
51 92 1
51 93 4
51 94 1
51 95 18
51 97 11
51 98 17
51 100 42
51 101 5
51 102 1
51 103 58
51 104 1
51 106 2
51 107 2
51 108 86
51 109 6
51 110 27
51 111 11
51 113 22
51 114 10
51 117 24
51 118 34
51 119 2
51 120 9
51 123 15
51 125 23
51 126 9
51 128 5
51 129 28
51 130 19
51 131 3
51 132 47
51 134 4
51 135 58
51 136 25
51 137 49
51 138 2
51 140 26
51 141 8
51 142 1
51 145 66
51 146 12
51 148 16
51 149 22
51 150 6
51 151 8
51 152 16
51 153 24
51 156 1
51 157 47
51 158 19
51 160 34
51 162 2
51 163 17
51 164 1
51 165 171
51 166 5
51 168 9
51 169 6
51 170 2
51 171 14
51 172 16
51 173 5
51 175 1
51 177 5
51 178 2
51 179 6
51 181 1
51 182 6
51 183 16
51 184 7
51 186 16
51 190 22
51 191 9
51 192 1
51 193 24
51 197 5
51 198 13
51 199 3
51 201 2
51 202 5
51 203 40
51 204 21
51 205 6
51 206 9
51 207 8
51 208 1
51 209 234
51 211 1
51 212 14
51 213 1
51 214 29
51 216 48
51 217 4
51 218 8
51 219 1
51 220 5
51 221 4
51 223 75
51 224 5
51 225 14
51 226 41
51 227 1
51 229 16
51 231 29
51 233 19
51 235 1
51 236 17
51 237 40
51 238 8
51 239 14
51 240 110
51 241 1
51 242 11
51 245 8
51 246 1
51 248 5
51 249 2
51 250 9
51 253 3
51 254 1
51 255 247
52 0 1
52 1 2
52 2 146
52 4 7
52 5 1
52 6 9
52 7 10
52 8 1
52 9 8
52 10 8
52 11 47
52 12 25
52 14 1
52 17 1
52 19 84
52 21 6
52 23 13
52 26 2
52 28 3
52 29 25
52 30 13
52 31 17
52 33 14
52 34 5
52 35 6
52 37 7
52 39 10
52 40 8
52 42 2
52 44 26
52 46 1
52 49 1
52 50 6
52 51 27
52 52 9
52 53 35
52 54 52
52 55 5
52 56 8
52 57 95
52 58 19
52 59 6
52 60 5
52 61 8
52 62 11
52 65 2
52 66 4
52 68 17
52 69 12
52 70 11
52 71 2
52 72 18
52 73 8
52 74 2
52 75 4
52 77 8
52 78 2
52 79 48
52 80 8
52 81 1
52 83 17
52 84 13
52 85 20
52 86 16
52 87 56
52 88 7
52 89 21
52 90 124
52 92 73
52 93 5
52 94 16
52 95 1
52 96 9
52 97 24
52 98 5
52 100 3
52 101 5
52 102 291
52 103 7
52 105 5
52 106 5
52 107 31
52 108 100
52 110 1
52 111 4
52 113 9
52 115 4
52 116 19
52 117 53
52 118 3
52 119 9
52 120 28
52 121 1
52 122 15
52 123 11
52 124 26
52 126 4
52 127 47
52 129 25
52 130 7
52 131 10
52 132 22
52 133 4
52 136 22
52 137 12
52 140 13
52 141 1
52 142 64
52 144 34
52 145 8
52 146 7
52 147 3
52 148 12
52 149 16
52 151 2
52 152 2
52 154 2
52 156 7
52 159 3
52 160 15
52 163 4
52 164 34
52 165 2
52 167 8
52 168 89
52 170 1
52 172 1
52 173 28
52 176 2
52 177 4
52 178 21
52 179 20
52 182 5
52 183 9
52 184 51
52 185 29
52 186 9
52 187 1
52 188 5
52 189 22
52 191 97
52 192 100
52 193 28
52 194 10
52 196 7
52 197 1
52 199 11
52 200 8
52 203 1
52 204 2
52 205 1
52 208 29
52 209 2
52 210 27
52 211 4
52 213 53
52 214 9
52 215 3
52 216 40
52 217 2
52 218 19
52 220 6
52 223 64
52 226 2
52 227 2
52 228 8
52 231 9
52 232 5
52 233 9
52 235 8
52 236 5
52 238 9
52 239 37
52 240 14
52 242 6
52 244 5
52 245 7
52 247 17
52 248 66
52 249 1
52 250 29
52 253 8
52 255 18
53 1 71
53 2 8
53 3 3
53 4 8
53 5 22
53 6 5
53 7 13
53 8 9
53 9 3
53 10 60
53 11 4
53 12 3
53 13 4
53 15 2
53 16 2
53 19 1
53 20 5
53 21 14
53 22 8
53 23 7
53 24 24
53 25 33
53 26 1
53 27 31
53 28 24
53 29 16
53 30 91
53 31 2
53 32 1
53 33 21
53 34 2
53 35 1
53 36 38
53 37 7
53 38 134
53 39 39
53 42 15
53 43 50
53 44 2
53 46 3
53 48 11
53 49 1
53 50 15
53 51 9
53 53 3
53 55 9
53 56 35
53 58 8
53 60 11
53 61 8
53 62 12
53 63 5
53 65 44
53 66 13
53 67 5
53 68 32
53 69 3
53 70 1
53 71 28
53 72 3
53 73 11
53 74 5
53 75 12
53 78 13
53 79 2
53 80 1
53 81 16
53 82 2
53 83 5
53 84 6
53 85 119
53 86 14
53 87 4
53 88 1
53 89 16
53 90 1
53 91 54
53 92 2
53 93 10
53 94 27
53 95 31
53 96 1
53 97 23
53 98 1
53 99 18
53 101 4
53 102 14
53 104 3
53 105 8
53 106 3
53 107 15
53 108 13
53 109 4
53 110 4
53 111 4
53 112 1
53 114 15
53 115 1
53 116 3
53 117 2
53 120 77
53 121 8
53 122 15
53 123 37
53 124 1
53 125 25
53 126 4
53 127 8
53 128 28
53 129 11
53 130 4
53 131 4
53 132 11
53 133 17
53 134 2
53 136 3
53 137 2
53 140 6
53 143 1
53 144 52
53 145 3
53 146 16
53 148 13
53 149 17
53 150 3
53 151 10
53 152 36
53 153 1
53 154 6
53 156 4
53 157 31
53 158 3
53 159 46
53 160 10
53 161 4
53 163 3
53 164 9
53 165 24
53 166 7
53 167 8
53 168 7
53 169 1
53 170 8
53 171 7
53 172 13
53 173 12
53 175 4
53 177 12
53 178 29
53 179 12
53 180 25
53 181 3
53 183 8
53 186 3
53 188 31
53 189 1
53 191 12
53 193 13
53 194 4
53 197 20
53 198 4
53 201 10
53 202 9
53 203 5
53 204 5
53 206 8
53 208 5
53 211 3
53 212 30
53 214 32
53 215 11
53 216 82
53 217 88
53 218 9
53 219 348
53 220 32
53 222 8
53 224 3
53 226 49
53 228 39
53 229 7
53 230 10
53 231 27
53 232 14
53 233 27
53 234 6
53 235 1
53 236 1
53 237 7
53 238 4
53 240 12
53 241 11
53 242 7
53 243 11
53 244 20
53 245 11
53 246 12
53 247 14
53 248 24
53 249 17
53 250 7
53 251 93
53 252 5
53 255 1
54 0 3
54 2 49
54 3 27
54 5 6
54 6 7
54 7 4
54 9 18
54 11 3
54 14 9
54 15 17
54 16 12
54 17 34
54 18 19
54 20 1
54 21 4
54 23 4
54 24 22
54 25 2
54 26 268
54 27 11
54 28 9
54 29 1
54 30 1
54 31 4
54 32 59
54 35 9
54 36 6
54 37 7
54 38 13
54 39 2
54 40 45
54 41 22
54 43 16
54 45 14
54 47 8
54 48 15
54 49 4
54 50 21
54 51 1
54 54 29
54 56 1
54 59 21
54 60 7
54 61 1
54 62 3
54 63 9
54 64 5
54 65 15
54 67 2
54 68 4
54 69 2
54 70 12
54 71 7
54 72 52
54 73 2
54 74 3
54 75 148
54 76 7
54 77 8
54 79 3
54 82 11
54 83 42
54 85 1
54 87 3
54 88 1
54 89 13
54 90 20
54 91 16
54 92 62
54 93 25
54 94 18
54 95 236
54 96 44
54 97 10
54 99 2
54 100 17
54 101 2
54 102 1
54 103 6
54 104 2
54 105 8
54 106 23
54 107 1
54 108 7
54 110 13
54 111 1
54 112 5
54 113 2
54 115 9
54 118 4
54 119 1
54 120 3
54 121 8
54 122 4
54 124 23
54 125 11
54 126 16
54 127 12
54 128 5
54 129 9
54 130 2
54 132 266
54 133 8
54 134 8
54 135 47
54 136 49
54 137 2
54 138 5
54 139 9
54 140 13
54 141 1
54 142 10
54 144 19
54 145 2
54 147 1
54 148 26
54 149 16
54 151 2
54 152 1
54 153 16
54 154 5
54 155 3
54 156 4
54 158 8
54 159 3
54 160 5
54 161 34
54 162 11
54 163 38
54 164 14
54 166 26
54 167 7
54 168 12
54 169 1
54 170 2
54 172 2
54 173 15
54 174 6
54 175 2
54 176 1
54 178 31
54 179 5
54 180 14
54 181 14
54 183 3
54 184 4
54 186 2
54 188 5
54 189 4
54 190 3
54 191 1
54 192 9
54 193 20
54 194 24
54 195 11
54 196 40
54 199 1
54 200 8
54 201 6
54 202 9
54 203 18
54 204 32
54 205 8
54 206 13
54 207 14
54 208 15
54 209 36
54 210 2
54 211 38
54 213 6
54 214 3
54 215 31
54 216 54
54 217 1
54 219 12
54 220 6
54 221 13
54 222 2
54 223 18
54 224 16
54 225 6
54 226 2
54 227 3
54 228 20
54 229 16
54 230 26
54 232 8
54 233 3
54 234 1
54 236 10
54 237 2
54 238 17
54 239 62
54 241 8
54 243 6
54 244 28
54 245 3
54 247 6
54 248 105
54 250 1
54 251 20
54 253 5
54 254 4
54 255 25
55 2 4
55 3 42
55 4 1
55 5 83
55 6 7
55 7 3
55 8 1
55 9 5
55 10 35
55 11 1
55 12 6
55 13 36
55 14 6
55 15 3
55 16 5
55 17 2
55 18 5
55 19 3
55 20 2
55 21 185
55 22 3
55 23 4
55 24 30
55 25 11
55 26 6
55 27 1
55 29 58
55 30 72
55 31 5
55 33 6
55 34 3
55 35 39
55 36 3
55 39 3
55 40 1
55 41 1
55 42 39
55 43 2
55 47 25
55 48 5
55 49 10
55 50 9
55 51 6
55 52 5
55 53 6
55 54 32
55 55 1
55 56 10
55 57 10
55 58 42
55 59 7
55 60 13
55 61 14
55 62 4
55 63 184
55 64 6
55 65 8
55 66 11
55 68 5
55 70 2
55 72 6
55 73 4
55 75 16
55 76 1
55 77 21
55 78 1
55 79 52
55 80 31
55 81 15
55 82 5
55 83 22
55 85 1
55 86 4
55 87 34
55 88 19
55 89 7
55 90 23
55 91 12
55 93 8
55 94 5
55 95 6
55 96 11
55 98 36
55 101 34
55 102 1
55 103 5
55 104 20
55 105 1
55 107 20
55 109 12
55 110 6
55 111 6
55 112 13
55 113 5
55 114 19
55 115 15
55 116 14
55 118 7
55 119 6
55 120 26
55 121 8
55 122 9
55 123 26
55 124 13
55 125 12
55 129 14
55 131 22
55 134 79
55 135 130
55 136 39
55 138 44
55 139 2
55 140 5
55 141 1
55 142 4
55 143 16
55 145 13
55 146 7
55 148 14
55 149 9
55 151 1
55 152 29
55 153 34
55 154 15
55 155 11
55 156 48
55 157 53
55 158 56
55 159 2
55 160 16
55 161 8
55 162 1
55 163 6
55 164 9
55 165 2
55 166 8
55 169 16
55 172 1
55 173 5
55 175 22
55 176 143
55 177 1
55 178 19
55 179 42
55 180 16
55 181 1
55 182 3
55 184 49
55 185 9
55 186 5
55 188 2
55 190 15
55 191 55
55 192 5
55 193 32
55 194 15
55 196 7
55 198 7
55 199 29
55 200 8
55 201 4
55 203 19
55 204 6
55 205 7
55 206 1
55 207 5
55 209 1
55 210 14
55 211 1
55 212 2
55 213 4
55 214 6
55 215 12
55 216 2
55 217 2
55 218 15
55 219 80
55 221 6
55 224 1
55 226 15
55 227 7
55 228 10
55 230 4
55 232 21
55 234 12
55 235 18
55 236 16
55 237 18
55 240 6
55 242 3
55 243 7
55 244 10
55 245 3
55 247 6
55 248 9
55 249 78
55 251 4
55 252 9
55 253 39
55 254 10
55 255 3
56 0 10
56 1 4
56 2 9
56 3 2
56 4 1
56 5 8
56 6 10
56 7 4
56 9 13
56 10 8
56 11 13
56 13 7
56 14 3
56 15 10
56 16 32
56 18 4
56 20 9
56 21 1
56 22 3
56 23 40
56 24 2
56 25 18
56 28 52
56 29 3
56 30 3
56 31 1
56 33 20
56 34 4
56 35 2
56 36 84
56 37 8
56 38 9
56 40 6
56 41 2
56 42 19
56 43 16
56 44 69
56 45 7
56 46 5
56 47 41
56 48 6
56 49 32
56 50 30
56 52 14
56 53 55
56 54 10
56 55 61
56 58 33
56 59 1
56 60 3
56 62 11
56 63 3
56 65 5
56 68 4
56 69 4
56 71 18
56 72 2
56 73 44
56 75 2
56 76 151
56 77 44
56 78 28
56 79 36
56 80 9
56 81 5
56 82 2
56 83 4
56 85 21
56 86 2
56 87 11
56 89 5
56 90 23
56 91 43
56 94 6
56 95 8
56 96 165
56 97 8
56 98 21
56 99 14
56 100 4
56 101 2
56 102 40
56 103 22
56 105 2
56 106 1
56 108 2
56 109 135
56 112 18
56 113 1
56 114 10
56 117 4
56 118 4
56 119 2
56 121 16
56 122 1
56 123 60
56 124 35
56 125 4
56 126 30
56 128 1
56 129 23
56 130 72
56 131 4
56 132 1
56 133 12
56 135 7
56 136 12
56 138 36
56 139 15
56 140 1
56 141 9
56 143 25
56 144 14
56 145 136
56 146 1
56 148 5
56 149 49
56 150 6
56 152 10
56 153 1
56 154 14
56 155 6
56 156 14
56 158 16
56 159 1
56 160 8
56 163 5
56 164 3
56 165 5
56 166 2
56 167 14
56 169 39
56 170 1
56 172 30
56 173 4
56 174 1
56 175 12
56 176 42
56 177 13
56 179 1
56 180 1
56 182 25
56 184 46
56 185 7
56 187 6
56 188 1
56 190 18
56 191 24
56 193 5
56 194 4
56 195 5
56 196 12
56 197 46
56 199 10
56 200 15
56 201 4
56 202 3
56 203 1
56 204 179
56 205 1
56 207 11
56 208 9
56 209 6
56 210 3
56 212 4
56 213 16
56 215 9
56 218 32
56 219 13
56 220 5
56 221 3
56 222 14
56 223 22
56 224 14
56 225 1
56 226 20
56 228 14
56 230 10
56 232 2
56 233 24
56 234 25
56 235 5
56 236 5
56 238 4
56 239 13
56 240 27
56 241 27
56 242 2
56 243 8
56 247 5
56 248 5
56 249 15
56 250 18
56 251 5
56 252 17
56 253 35
56 255 25
57 2 4
57 3 22
57 4 3
57 5 7
57 6 16
57 7 24
57 8 6
57 10 4
57 11 40
57 12 2
57 15 19
57 16 2
57 17 19
57 18 1
57 19 18
57 20 5
57 21 20
57 22 63
57 23 5
57 24 2
57 25 33
57 28 13
57 29 1
57 30 6
57 31 24
57 32 1
57 34 1
57 35 7
57 37 10
57 39 1
57 40 1
57 41 19
57 42 55
57 44 7
57 45 24
57 46 21
57 47 55
57 48 25
57 49 5
57 50 55
57 51 12
57 52 4
57 53 10
57 54 5
57 55 1
57 57 2
57 59 13
57 60 6
57 62 1
57 63 43
57 64 6
57 65 69
57 66 9
57 67 112
57 68 2
57 69 34
57 71 15
57 72 155
57 73 2
57 74 10
57 75 1
57 76 5
57 77 27
57 78 2
57 79 18
57 81 19
57 82 123
57 86 40
57 87 25
57 88 20
57 90 38
57 91 2
57 94 8
57 95 8
57 96 44
57 97 10
57 98 6
57 99 8
57 100 20
57 101 15
57 102 1
57 103 40
57 106 11
57 109 123
57 110 10
57 111 2
57 112 16
57 113 199
57 115 11
57 116 44
57 118 42
57 119 6
57 120 3
57 121 14
57 122 6
57 124 29
57 125 3
57 126 40
57 128 10
57 129 7
57 130 6
57 131 25
57 132 23
57 133 9
57 136 5
57 137 23
57 139 14
57 141 23
57 142 3
57 143 2
57 144 4
57 145 12
57 146 5
57 147 3
57 148 4
57 149 6
57 150 5
57 151 6
57 152 9
57 153 1
57 154 21
57 157 46
57 158 17
57 159 15
57 160 3
57 162 1
57 164 1
57 165 40
57 167 1
57 168 3
57 169 11
57 171 13
57 172 4
57 173 7
57 175 32
57 176 6
57 177 4
57 179 18
57 180 32
57 181 3
57 183 15
57 184 53
57 185 2
57 186 83
57 187 1
57 188 3
57 189 95
57 190 1
57 191 10
57 192 62
57 193 7
57 194 17
57 196 4
57 197 14
57 198 7
57 199 3
57 201 11
57 202 10
57 203 5
57 204 1
57 206 4
57 207 2
57 208 3
57 209 15
57 211 11
57 212 60
57 214 21
57 215 2
57 216 3
57 217 3
57 218 2
57 219 1
57 221 25
57 224 12
57 226 3
57 227 10
57 228 2
57 229 3
57 231 5
57 232 9
57 233 1
57 234 32
57 235 5
57 236 12
57 237 17
57 238 1
57 239 1
57 241 3
57 242 14
57 243 1
57 244 18
57 246 15
57 247 14
57 248 5
57 250 19
57 253 17
57 255 2
58 0 1
58 1 14
58 2 6
58 3 1
58 5 1
58 6 15
58 8 16
58 9 55
58 10 22
58 11 8
58 12 5
58 15 3
58 16 17
58 18 8
58 19 4
58 20 38
58 21 1
58 22 4
58 25 27
58 26 7
58 27 32
58 28 17
58 30 11
58 31 23
58 32 2
58 34 4
58 35 6
58 36 2
58 38 4
58 39 6
58 40 12
58 42 8
58 43 3
58 44 1
58 45 14
58 46 40
58 47 1
58 48 3
58 49 6
58 50 5
58 51 5
58 52 238
58 53 11
58 54 3
58 55 5
58 56 4
58 57 13
58 58 2
58 59 2
58 60 1
58 61 70
58 62 6
58 63 10
58 64 2
58 65 3
58 67 7
58 70 295
58 71 10
58 72 18
58 73 12
58 74 77
58 75 10
58 76 13
58 77 56
58 78 54
58 79 14
58 80 13
58 81 5
58 82 3
58 83 3
58 84 9
58 85 2
58 86 6
58 87 13
58 88 23
58 90 1
58 92 9
58 96 3
58 97 15
58 100 1
58 101 25
58 102 11
58 105 17
58 108 7
58 109 2
58 110 20
58 111 5
58 113 9
58 114 62
58 115 4
58 116 3
58 119 2
58 120 26
58 121 3
58 122 9
58 123 7
58 125 6
58 126 35
58 127 5
58 128 21
58 131 31
58 132 19
58 133 3
58 134 6
58 135 23
58 136 18
58 139 2
58 140 32
58 141 9
58 142 1
58 144 19
58 145 4
58 146 7
58 149 7
58 150 4
58 151 10
58 154 8
58 155 138
58 156 4
58 157 1
58 159 7
58 160 3
58 161 7
58 163 44
58 164 17
58 165 4
58 167 148
58 168 8
58 169 2
58 171 3
58 173 5
58 174 27
58 176 1
58 177 44
58 180 2
58 181 1
58 183 8
58 186 45
58 187 33
58 188 15
58 190 8
58 191 1
58 192 25
58 193 9
58 194 6
58 195 5
58 196 6
58 197 1
58 198 1
58 199 19
58 200 35
58 201 67
58 202 28
58 203 13
58 205 2
58 207 3
58 208 7
58 209 7
58 210 3
58 211 9
58 212 9
58 213 4
58 214 44
58 216 4
58 218 11
58 220 3
58 221 5
58 222 52
58 223 3
58 224 13
58 225 135
58 226 1
58 227 25
58 228 1
58 229 3
58 230 5
58 231 1
58 233 1
58 235 3
58 237 12
58 239 73
58 242 124
58 243 15
58 244 5
58 245 1
58 246 2
58 247 7
58 248 6
58 249 1
58 251 67
58 252 12
58 254 4
59 0 9
59 3 3
59 4 19
59 5 3
59 6 5
59 8 8
59 9 1
59 10 9
59 11 22
59 12 5
59 13 35
59 14 3
59 17 1
59 18 9
59 19 3
59 20 4
59 21 2
59 23 2
59 24 2
59 25 48
59 26 22
59 27 232
59 28 52
59 29 1
59 30 1
59 31 5
59 32 12
59 33 120
59 35 11
59 36 9
59 37 11
59 38 1
59 39 31
59 40 4
59 41 5
59 42 5
59 43 29
59 44 2
59 45 17
59 47 1
59 49 4
59 50 2
59 51 8
59 52 4
59 54 12
59 55 10
59 56 11
59 57 4
59 58 102
59 59 37
59 60 3
59 61 28
59 62 8
59 63 6
59 65 2
59 67 1
59 68 7
59 69 5
59 70 10
59 72 29
59 73 8
59 75 12
59 76 7
59 77 4
59 78 2
59 80 5
59 81 19
59 82 7
59 83 33
59 84 10
59 85 3
59 86 9
59 87 34
59 88 84
59 89 28
59 90 8
59 91 8
59 92 1
59 93 9
59 94 2
59 95 2
59 96 38
59 97 33
59 98 6
59 100 3
59 101 7
59 102 6
59 103 25
59 104 3
59 105 17
59 106 5
59 107 4
59 108 9
59 109 3
59 112 1
59 113 53
59 114 1
59 115 8
59 116 1
59 117 4
59 118 14
59 119 3
59 120 8
59 121 7
59 122 3
59 123 1
59 125 3
59 126 4
59 127 23
59 128 15
59 129 52
59 130 1
59 132 10
59 133 14
59 134 5
59 135 22
59 137 18
59 138 2
59 140 1
59 141 6
59 142 153
59 143 1
59 144 4
59 145 44
59 146 8
59 150 15
59 152 40
59 153 6
59 154 2
59 155 2
59 157 2
59 158 4
59 159 3
59 160 6
59 161 19
59 162 2
59 164 8
59 165 1
59 166 14
59 167 1
59 168 41
59 169 270
59 170 1
59 171 1
59 172 1
59 173 6
59 174 6
59 175 12
59 176 1
59 177 18
59 178 8
59 179 4
59 180 5
59 181 4
59 182 4
59 183 37
59 184 6
59 185 5
59 187 4
59 188 2
59 189 3
59 191 10
59 192 22
59 193 13
59 194 3
59 195 19
59 196 2
59 197 5
59 198 28
59 199 1
59 200 17
59 201 25
59 202 1
59 203 1
59 204 7
59 205 16
59 206 44
59 207 298
59 208 6
59 209 16
59 210 7
59 211 5
59 213 38
59 216 4
59 217 4
59 218 9
59 219 15
59 220 2
59 221 10
59 222 27
59 223 18
59 224 16
59 225 27
59 226 1
59 227 1
59 228 14
59 229 3
59 230 11
59 231 1
59 233 19
59 234 6
59 238 1
59 239 7
59 240 1
59 241 6
59 242 5
59 243 4
59 244 5
59 246 4
59 247 5
59 248 22
59 250 4
59 251 11
59 253 1
59 254 38
59 255 5
60 0 9
60 1 1
60 2 53
60 3 7
60 5 13
60 6 1
60 7 6
60 8 6
60 9 9
60 10 1
60 11 13
60 13 4
60 14 32
60 15 5
60 16 4
60 17 24
60 20 9
60 21 1
60 22 3
60 23 5
60 25 34
60 26 7
60 27 13
60 28 98
60 29 2
60 30 3
60 31 1
60 32 13
60 33 13
60 34 5
60 39 13
60 41 1
60 42 2
60 43 2
60 44 2
60 45 8
60 46 2
60 47 5
60 48 3
60 51 26
60 52 8
60 53 59
60 54 29
60 56 1
60 57 1
60 58 16
60 59 123
60 61 1
60 62 229
60 63 1
60 64 1
60 66 4
60 67 1
60 68 2
60 69 5
60 70 34
60 71 1
60 72 12
60 73 7
60 74 5
60 75 98
60 76 30
60 77 5
60 78 2
60 79 1
60 80 6
60 81 30
60 82 3
60 83 3
60 85 14
60 86 11
60 87 20
60 88 4
60 89 2
60 90 17
60 91 7
60 93 13
60 96 3
60 97 22
60 98 2
60 99 2
60 100 6
60 102 8
60 103 11
60 104 17
60 106 31
60 107 4
60 109 10
60 110 2
60 111 2
60 112 36
60 113 5
60 114 2
60 115 7
60 117 22
60 118 2
60 119 1
60 120 1
60 122 4
60 123 4
60 124 7
60 125 7
60 126 18
60 127 12
60 128 1
60 129 12
60 130 5
60 132 6
60 133 8
60 134 7
60 135 1
60 136 5
60 137 8
60 138 18
60 139 6
60 140 8
60 141 1
60 142 9
60 144 7
60 146 21
60 147 3
60 148 28
60 149 4
60 150 16
60 151 8
60 152 9
60 153 30
60 154 25
60 155 14
60 157 3
60 158 1
60 159 1
60 161 11
60 162 2
60 163 1
60 164 24
60 165 3
60 166 3
60 168 1
60 169 10
60 172 44
60 173 7
60 174 6
60 176 4
60 177 3
60 178 5
60 180 7
60 181 1
60 182 9
60 183 11
60 185 37
60 186 1
60 187 4
60 188 19
60 189 39
60 190 6
60 192 39
60 193 17
60 194 1
60 195 13
60 196 1
60 197 2
60 198 11
60 199 12
60 200 4
60 201 20
60 202 7
60 203 5
60 204 1
60 206 18
60 207 2
60 209 10
60 210 188
60 211 46
60 212 1
60 213 10
60 214 11
60 215 3
60 216 5
60 217 10
60 218 27
60 219 2
60 220 11
60 221 14
60 222 11
60 225 4
60 226 11
60 227 6
60 229 6
60 230 11
60 231 32
60 232 1
60 233 16
60 234 322
60 235 22
60 238 7
60 239 3
60 240 4
60 243 1
60 245 5
60 246 33
60 247 32
60 248 4
60 249 323
60 250 6
60 251 7
60 253 33
60 254 1
60 255 28
61 1 2
61 4 7
61 6 1
61 7 9
61 8 22
61 9 1
61 10 6
61 11 27
61 12 26
61 13 31
61 14 5
61 15 12
61 16 1
61 17 58
61 18 8
61 19 1
61 20 29
61 21 10
61 22 11
61 23 3
61 24 13
61 25 4
61 26 54
61 27 5
61 28 1
61 29 1
61 30 31
61 31 5
61 32 30
61 33 3
61 34 4
61 35 21
61 37 16
61 38 45
61 39 14
61 41 2
61 42 13
61 45 6
61 46 14
61 47 1
61 48 6
61 50 12
61 51 34
61 52 24
61 53 8
61 55 9
61 59 1
61 60 15
61 61 8
61 62 9
61 63 1
61 64 1
61 65 15
61 66 9
61 67 17
61 68 2
61 69 2
61 70 49
61 71 35
61 75 7
61 76 4
61 77 11
61 78 10
61 79 5
61 80 14
61 81 29
61 82 46
61 85 5
61 87 14
61 88 3
61 92 8
61 93 5
61 97 1
61 98 7
61 99 1
61 100 119
61 101 5
61 103 2
61 105 23
61 107 5
61 108 40
61 109 3
61 110 31
61 111 6
61 112 14
61 114 1
61 115 31
61 116 8
61 117 10
61 118 1
61 119 9
61 120 24
61 121 9
61 122 13
61 124 12
61 126 21
61 127 8
61 129 2
61 130 4
61 133 7
61 134 69
61 135 14
61 137 66
61 139 30
61 140 1
61 141 64
61 142 2
61 144 1
61 145 57
61 146 1
61 147 15
61 148 8
61 149 1
61 150 7
61 152 46
61 153 6
61 155 28
61 157 9
61 158 1
61 159 15
61 160 12
61 162 8
61 166 26
61 167 2
61 168 5
61 169 1
61 170 108
61 171 4
61 172 2
61 173 9
61 174 6
61 175 9
61 176 1
61 177 32
61 179 17
61 181 4
61 182 65
61 183 1
61 185 45
61 186 3
61 187 4
61 188 15
61 189 13
61 190 6
61 191 51
61 192 6
61 193 1
61 194 14
61 195 107
61 196 13
61 197 23
61 198 16
61 200 20
61 201 1
61 202 9
61 203 11
61 204 4
61 205 143
61 206 18
61 207 10
61 208 2
61 209 11
61 210 9
61 211 37
61 212 9
61 214 1
61 215 8
61 216 4
61 217 1
61 218 6
61 219 12
61 220 1
61 222 9
61 223 96
61 224 3
61 225 9
61 226 14
61 227 13
61 229 17
61 231 52
61 232 113
61 233 4
61 234 21
61 235 2
61 236 17
61 238 12
61 239 138
61 240 2
61 241 54
61 245 11
61 247 3
61 248 12
61 249 30
61 250 1
61 251 8
61 252 17
61 253 7
61 254 7
61 255 9
62 1 5
62 3 8
62 4 11
62 5 18
62 8 1
62 10 4
62 11 19
62 12 13
62 13 9
62 14 7
62 15 4
62 16 6
62 17 15
62 18 3
62 20 5
62 21 3
62 31 70
62 32 1
62 33 16
62 34 12
62 35 20
62 36 13
62 37 5
62 38 3
62 39 1
62 41 8
62 42 2
62 43 13
62 44 13
62 45 40
62 46 4
62 47 11
62 50 23
62 51 19
62 52 28
62 53 15
62 54 12
62 55 5
62 56 12
62 57 6
62 59 3
62 60 5
62 61 3
62 62 121
62 63 3
62 64 59
62 65 3
62 67 10
62 69 9
62 70 5
62 71 25
62 72 1
62 73 18
62 74 40
62 75 1
62 76 21
62 77 6
62 79 1
62 80 3
62 81 24
62 82 9
62 83 22
62 84 13
62 85 7
62 86 3
62 87 7
62 88 69
62 90 22
62 91 18
62 92 8
62 94 11
62 95 26
62 96 22
62 97 8
62 98 29
62 99 8
62 100 4
62 101 3
62 102 1
62 103 11
62 104 17
62 105 4
62 106 3
62 107 1
62 108 25
62 110 3
62 111 2
62 112 3
62 113 10
62 114 32
62 116 10
62 117 7
62 118 5
62 119 9
62 120 7
62 121 13
62 123 11
62 124 17
62 125 19
62 126 36
62 127 2
62 128 5
62 129 18
62 130 3
62 131 34
62 132 1
62 133 11
62 134 4
62 135 1
62 136 14
62 137 3
62 138 1
62 139 38
62 140 15
62 142 11
62 143 18
62 144 4
62 146 12
62 147 7
62 149 25
62 150 27
62 151 27
62 152 39
62 153 7
62 154 1
62 155 9
62 156 5
62 158 11
62 159 9
62 160 1
62 161 23
62 162 2
62 163 1
62 164 24
62 165 6
62 166 6
62 167 8
62 168 90
62 169 17
62 170 47
62 172 6
62 173 15
62 174 3
62 176 7
62 178 5
62 179 4
62 180 4
62 181 19
62 182 3
62 183 24
62 184 11
62 186 13
62 187 83
62 188 3
62 189 6
62 190 8
62 191 2
62 192 160
62 193 65
62 194 39
62 196 8
62 197 17
62 198 6
62 200 10
62 201 1
62 202 11
62 203 4
62 204 9
62 206 1
62 208 4
62 209 6
62 210 33
62 211 1
62 213 18
62 214 29
62 215 4
62 217 45
62 218 13
62 219 2
62 220 34
62 221 6
62 222 3
62 223 9
62 224 1
62 225 94
62 226 8
62 227 1
62 228 2
62 229 10
62 230 45
62 231 46
62 232 2
62 233 14
62 234 31
62 235 15
62 236 1
62 237 1
62 238 10
62 239 271
62 241 6
62 242 3
62 243 2
62 245 1
62 246 3
62 247 39
62 248 2
62 250 90
62 251 30
62 252 6
62 253 1
62 254 1
63 0 3
63 1 27
63 2 1
63 4 1
63 5 12
63 6 1
63 7 2
63 8 2
63 9 14
63 10 1
63 11 5
63 13 9
63 15 9
63 16 24
63 18 11
63 19 9
63 20 9
63 22 11
63 23 3
63 24 4
63 25 32
63 27 1
63 28 43
63 29 5
63 30 1
63 31 1
63 32 14
63 33 21
63 34 21
63 35 44
63 36 13
63 37 15
63 38 23
63 39 6
63 40 19
63 41 1
63 42 1
63 43 6
63 44 2
63 45 12
63 47 3
63 49 14
63 50 16
63 51 9
63 52 3
63 53 14
63 55 2
63 56 2
63 57 1
63 58 2
63 59 68
63 61 4
63 63 13
63 65 22
63 66 1
63 67 2
63 68 13
63 69 13
63 70 12
63 71 6
63 72 19
63 73 8
63 76 3
63 78 3
63 79 2
63 80 25
63 81 4
63 83 131
63 85 7
63 87 16
63 88 3
63 89 2
63 90 100
63 91 41
63 94 5
63 96 25
63 97 8
63 98 4
63 100 104
63 101 3
63 102 23
63 103 6
63 104 3
63 105 1
63 106 9
63 108 1
63 109 28
63 110 9
63 111 3
63 112 47
63 113 2
63 115 117
63 116 8
63 120 9
63 121 33
63 122 2
63 123 1
63 124 2
63 125 6
63 126 5
63 127 32
63 128 9
63 129 6
63 130 12
63 131 2
63 132 18
63 134 1
63 135 5
63 137 1
63 138 19
63 139 3
63 140 164
63 142 3
63 143 44
63 144 46
63 145 9
63 146 3
63 148 6
63 149 5
63 150 5
63 152 56
63 154 28
63 155 19
63 157 6
63 158 16
63 159 36
63 160 2
63 161 22
63 162 2
63 163 1
63 164 13
63 165 8
63 166 5
63 167 1
63 168 1
63 169 1
63 170 4
63 171 45
63 172 33
63 173 2
63 174 2
63 175 3
63 176 23
63 178 3
63 179 6
63 180 12
63 181 29
63 182 2
63 183 2
63 184 3
63 185 12
63 188 3
63 189 6
63 192 3
63 194 9
63 195 31
63 197 3
63 198 22
63 199 6
63 200 21
63 201 13
63 205 1
63 206 66
63 207 31
63 208 9
63 209 10
63 210 12
63 211 14
63 212 6
63 213 4
63 215 19
63 217 7
63 218 17
63 220 7
63 221 36
63 222 41
63 223 3
63 226 85
63 227 1
63 228 23
63 229 51
63 230 19
63 231 12
63 232 24
63 233 12
63 234 1
63 235 1
63 236 5
63 237 13
63 238 14
63 239 5
63 240 24
63 241 41
63 242 9
63 243 315
63 245 9
63 246 1
63 247 21
63 249 2
63 251 6
63 252 7
63 253 21
63 254 56
64 0 4
64 2 5
64 3 4
64 4 2
64 5 29
64 7 6
64 8 5
64 9 5
64 10 10
64 12 1
64 13 2
64 14 15
64 15 10
64 16 33
64 17 18
64 18 40
64 19 5
64 20 3
64 23 9
64 26 22
64 27 21
64 28 7
64 29 31
64 30 25
64 31 3
64 32 24
64 33 1
64 34 2
64 35 6
64 36 3
64 37 55
64 38 4
64 40 5
64 41 10
64 42 5
64 43 5
64 44 1
64 45 4
64 46 2
64 47 6
64 48 6
64 49 34
64 51 3
64 52 3
64 53 255
64 56 1
64 57 4
64 58 23
64 59 12
64 61 43
64 62 7
64 63 30
64 64 2
64 65 129
64 66 2
64 67 1
64 68 45
64 71 49
64 72 31
64 73 31
64 74 44
64 75 5
64 76 5
64 78 1
64 79 42
64 82 1
64 83 5
64 84 19
64 85 14
64 86 3
64 89 9
64 90 7
64 91 47
64 92 6
64 93 2
64 94 4
64 95 1
64 96 24
64 97 12
64 99 40
64 100 17
64 101 49
64 105 26
64 106 26
64 107 32
64 108 1
64 109 6
64 111 42
64 112 4
64 113 1
64 114 3
64 115 15
64 116 4
64 117 8
64 118 11
64 119 6
64 121 12
64 122 3
64 123 7
64 124 6
64 127 46
64 128 10
64 129 4
64 130 4
64 131 21
64 133 18
64 134 12
64 135 8
64 136 23
64 137 18
64 138 1
64 140 7
64 141 30
64 142 8
64 143 72
64 144 8
64 145 1
64 146 1
64 148 4
64 150 2
64 151 11
64 152 2
64 153 1
64 155 7
64 159 15
64 161 9
64 162 11
64 164 5
64 165 1
64 167 5
64 169 1
64 170 2
64 171 52
64 172 6
64 173 316
64 174 11
64 175 5
64 176 50
64 178 17
64 179 7
64 180 1
64 181 21
64 183 62
64 184 1
64 185 3
64 186 7
64 187 12
64 188 4
64 189 8
64 190 37
64 191 12
64 192 3
64 193 12
64 195 56
64 196 6
64 199 13
64 200 69
64 202 11
64 203 5
64 205 7
64 206 2
64 207 3
64 208 6
64 209 5
64 210 15
64 211 2
64 212 9
64 213 2
64 215 3
64 216 4
64 217 22
64 218 2
64 219 1
64 220 144
64 221 4
64 222 3
64 223 21
64 224 5
64 225 3
64 226 3
64 227 4
64 229 2
64 230 12
64 231 10
64 233 2
64 235 30
64 237 8
64 238 6
64 239 6
64 240 32
64 241 2
64 242 2
64 243 3
64 245 30
64 246 20
64 247 5
64 248 28
64 249 43
64 250 1
64 252 34
64 254 4
64 255 2
65 0 15
65 2 3
65 3 4
65 4 25
65 6 14
65 8 5
65 9 42
65 10 3
65 11 16
65 12 2
65 13 12
65 14 55
65 16 6
65 18 2
65 19 10
65 20 1
65 21 11
65 22 17
65 23 24
65 24 3
65 25 1
65 26 4
65 27 13
65 29 1
65 31 1
65 32 87
65 33 54
65 34 8
65 37 3
65 38 5
65 39 22
65 42 36
65 43 1
65 44 2
65 46 2
65 47 15
65 48 35
65 49 6
65 50 15
65 51 13
65 52 3
65 53 12
65 54 1
65 55 48
65 56 2
65 57 93
65 58 34
65 59 9
65 60 1
65 61 14
65 62 1
65 63 5
65 64 4
65 65 1
65 66 11
65 67 3
65 68 3
65 69 40
65 70 15
65 71 6
65 72 81
65 73 7
65 74 5
65 75 7
65 77 3
65 78 53
65 79 3
65 80 10
65 82 21
65 83 1
65 84 20
65 85 40
65 86 17
65 87 26
65 88 4
65 89 2
65 90 6
65 91 4
65 93 3
65 94 18
65 95 145
65 96 19
65 97 9
65 98 3
65 99 4
65 100 1
65 101 3
65 102 8
65 104 10
65 106 5
65 107 37
65 109 2
65 110 4
65 111 4
65 114 9
65 115 4
65 116 1
65 117 4
65 118 19
65 119 3
65 120 6
65 122 13
65 123 3
65 125 34
65 126 147
65 127 9
65 129 9
65 130 21
65 131 2
65 132 5
65 134 4
65 135 1
65 136 10
65 137 3
65 138 1
65 139 8
65 140 19
65 141 3
65 142 6
65 143 5
65 144 58
65 145 15
65 147 2
65 148 12
65 149 2
65 150 2
65 151 10
65 152 15
65 153 4
65 154 1
65 155 1
65 156 6
65 157 3
65 158 48
65 159 12
65 160 27
65 163 6
65 164 3
65 165 5
65 166 2
65 167 4
65 168 9
65 169 9
65 170 4
65 173 68
65 174 19
65 177 10
65 178 3
65 179 2
65 180 53
65 181 25
65 183 20
65 184 14
65 186 52
65 187 10
65 188 7
65 189 2
65 190 54
65 191 4
65 192 2
65 193 5
65 194 1
65 195 1
65 196 3
65 197 7
65 198 12
65 199 48
65 201 15
65 202 3
65 203 4
65 204 24
65 205 38
65 206 38
65 207 1
65 208 2
65 209 6
65 210 14
65 211 1
65 212 11
65 213 2
65 214 6
65 215 15
65 216 1
65 217 11
65 218 155
65 219 15
65 220 13
65 221 1
65 222 2
65 223 5
65 224 9
65 225 3
65 226 2
65 227 39
65 229 3
65 230 1
65 231 9
65 232 3
65 233 4
65 234 19
65 236 60
65 237 30
65 238 11
65 239 26
65 242 14
65 244 15
65 245 30
65 246 5
65 247 4
65 248 49
65 249 4
65 251 7
65 253 79
65 254 35
65 255 96
66 0 3
66 1 9
66 2 3
66 3 165
66 5 8
66 7 10
66 8 10
66 9 4
66 10 19
66 12 2
66 13 3
66 14 17
66 15 11
66 16 1
66 19 6
66 20 14
66 21 12
66 23 2
66 24 9
66 25 21
66 26 22
66 27 9
66 28 12
66 30 18
66 31 6
66 32 3
66 34 1
66 35 15
66 36 5
66 37 12
66 38 3
66 39 4
66 41 9
66 42 8
66 43 23
66 44 56
66 46 85
66 47 39
66 48 2
66 49 88
66 50 1
66 51 9
66 53 157
66 54 15
66 55 9
66 58 49
66 60 2
66 61 1
66 63 15
66 64 4
66 65 85
66 66 31
66 67 10
66 68 13
66 69 4
66 70 2
66 71 49
66 72 7
66 73 31
66 74 25
66 75 20
66 76 1
66 77 4
66 78 8
66 79 1
66 80 25
66 81 1
66 83 6
66 85 7
66 86 2
66 88 11
66 89 1
66 90 1
66 91 16
66 92 18
66 93 37
66 94 10
66 95 2
66 96 5
66 98 3
66 99 6
66 100 10
66 101 1
66 102 4
66 104 20
66 106 23
66 108 23
66 109 6
66 110 23
66 111 8
66 112 3
66 114 8
66 115 2
66 116 1
66 118 14
66 119 17
66 120 3
66 121 251
66 122 1
66 123 15
66 124 1
66 126 200
66 127 6
66 128 46
66 130 20
66 132 4
66 135 22
66 136 3
66 137 18
66 138 6
66 139 1
66 140 3
66 141 19
66 142 1
66 143 1
66 144 5
66 146 17
66 147 21
66 149 39
66 150 1
66 152 7
66 153 2
66 155 12
66 156 13
66 157 7
66 158 7
66 159 5
66 160 8
66 161 25
66 162 7
66 163 54
66 164 1
66 165 18
66 166 20
66 167 3
66 168 8
66 169 5
66 172 6
66 173 12
66 174 23
66 175 12
66 176 3
66 177 16
66 179 12
66 180 29
66 181 31
66 182 18
66 183 14
66 184 40
66 185 13
66 186 38
66 187 4
66 188 5
66 190 21
66 191 7
66 192 1
66 193 4
66 194 5
66 195 18
66 197 3
66 198 4
66 199 4
66 200 18
66 201 22
66 202 3
66 203 2
66 204 1
66 205 62
66 206 5
66 207 10
66 209 9
66 210 4
66 211 1
66 212 21
66 213 8
66 215 1
66 217 1
66 218 16
66 219 38
66 220 11
66 221 12
66 222 5
66 223 5
66 224 3
66 225 3
66 226 5
66 227 32
66 228 65
66 229 2
66 233 3
66 234 1
66 236 5
66 238 8
66 239 8
66 240 9
66 241 24
66 242 6
66 244 8
66 245 5
66 246 2
66 247 24
66 248 30
66 250 34
66 251 4
66 252 12
66 253 17
66 255 26
67 0 11
67 1 12
67 2 1
67 3 11
67 4 26
67 5 3
67 6 5
67 7 9
67 8 2
67 9 3
67 10 9
67 11 1
67 12 25
67 13 11
67 14 2
67 15 45
67 16 20
67 17 28
67 18 1
67 19 24
67 20 4
67 21 20
67 22 2
67 23 3
67 25 4
67 26 10
67 27 11
67 29 10
67 31 2
67 32 34
67 33 5
67 34 2
67 35 4
67 36 6
67 37 37
67 39 4
67 43 4
67 44 5
67 45 1
67 46 3
67 47 2
67 48 10
67 49 167
67 50 26
67 51 5
67 52 4
67 54 17
67 55 3
67 56 3
67 57 264
67 58 2
67 59 14
67 60 2
67 61 2
67 63 48
67 64 13
67 66 2
67 68 1
67 70 26
67 71 97
67 72 28
67 73 2
67 74 48
67 75 3
67 76 12
67 77 10
67 78 1
67 79 3
67 81 24
67 82 6
67 83 7
67 85 11
67 86 33
67 87 1
67 88 2
67 90 3
67 91 5
67 92 2
67 93 1
67 94 44
67 95 6
67 96 6
67 97 9
67 98 7
67 99 9
67 100 2
67 101 6
67 102 4
67 103 7
67 104 2
67 105 3
67 106 4
67 107 13
67 108 1
67 109 10
67 110 2
67 111 10
67 112 3
67 113 3
67 114 13
67 115 5
67 116 31
67 117 4
67 118 1
67 119 5
67 120 5
67 122 46
67 123 2
67 124 2
67 125 2
67 126 1
67 127 9
67 128 11
67 129 1
67 130 1
67 131 13
67 132 15
67 134 13
67 135 1
67 136 50
67 137 7
67 139 20
67 141 12
67 142 62
67 143 23
67 144 7
67 145 33
67 146 5
67 147 12
67 148 5
67 150 1
67 151 7
67 152 35
67 153 11
67 154 85
67 155 1
67 156 17
67 157 5
67 158 13
67 159 3
67 160 7
67 161 1
67 162 14
67 163 38
67 164 3
67 165 1
67 166 7
67 167 10
67 168 19
67 170 42
67 171 61
67 173 69
67 174 2
67 175 19
67 176 5
67 177 13
67 178 3
67 179 13
67 180 8
67 181 6
67 182 83
67 183 30
67 184 93
67 187 5
67 189 5
67 190 12
67 192 7
67 194 4
67 197 35
67 198 5
67 199 11
67 201 10
67 202 18
67 204 60
67 205 8
67 206 9
67 207 50
67 208 21
67 209 14
67 210 9
67 211 39
67 213 19
67 214 23
67 215 18
67 216 22
67 217 2
67 218 1
67 219 7
67 220 7
67 221 20
67 222 2
67 223 3
67 225 4
67 227 11
67 228 6
67 229 17
67 230 7
67 231 9
67 232 1
67 233 24
67 234 49
67 235 5
67 236 7
67 237 6
67 238 16
67 239 11
67 240 25
67 241 3
67 242 10
67 243 5
67 244 6
67 245 1
67 246 4
67 247 2
67 248 9
67 249 2
67 250 35
67 251 11
67 252 4
67 253 84
67 254 13
68 0 6
68 1 9
68 3 46
68 4 4
68 5 22
68 6 50
68 7 4
68 9 2
68 10 12
68 11 64
68 12 4
68 13 7
68 14 10
68 15 1
68 16 3
68 17 8
68 18 23
68 19 32
68 20 1
68 21 6
68 22 1
68 24 5
68 25 1
68 26 16
68 27 8
68 29 58
68 30 21
68 31 1
68 32 61
68 33 5
68 34 18
68 36 2
68 37 33
68 38 30
68 40 1
68 41 31
68 42 1
68 43 1
68 44 3
68 45 4
68 46 2
68 47 1
68 48 2
68 50 4
68 51 5
68 52 29
68 53 9
68 54 14
68 55 15
68 56 1
68 57 4
68 58 12
68 59 30
68 60 8
68 61 67
68 62 4
68 64 13
68 66 14
68 67 8
68 68 1
68 69 6
68 70 2
68 73 4
68 74 9
68 75 14
68 76 33
68 77 4
68 78 2
68 79 10
68 81 66
68 82 4
68 83 3
68 84 48
68 85 20
68 86 2
68 88 10
68 89 1
68 90 10
68 91 6
68 92 2
68 93 1
68 94 14
68 96 1
68 97 43
68 98 8
68 99 1
68 100 1
68 101 4
68 102 5
68 103 9
68 104 20
68 105 12
68 106 2
68 107 87
68 108 2
68 109 42
68 110 9
68 111 9
68 113 6
68 114 20
68 115 16
68 116 34
68 118 1
68 120 15
68 121 6
68 123 46
68 124 2
68 126 6
68 127 10
68 128 300
68 129 7
68 130 4
68 131 3
68 132 4
68 133 29
68 134 2
68 135 18
68 136 3
68 137 2
68 138 5
68 140 16
68 141 3
68 143 14
68 144 6
68 145 2
68 146 2
68 147 72
68 148 33
68 149 27
68 150 6
68 151 3
68 152 2
68 153 5
68 154 36
68 155 35
68 156 2
68 157 11
68 159 6
68 160 40
68 161 22
68 163 22
68 164 1
68 165 4
68 166 6
68 167 21
68 168 14
68 169 20
68 170 7
68 171 1
68 172 70
68 173 25
68 174 7
68 176 2
68 177 6
68 179 1
68 181 14
68 182 10
68 183 2
68 184 8
68 185 32
68 186 11
68 187 14
68 189 9
68 190 21
68 191 31
68 192 2
68 193 22
68 194 1
68 195 2
68 196 17
68 197 12
68 198 5
68 199 5
68 201 6
68 203 3
68 204 9
68 205 1
68 206 18
68 207 10
68 208 13
68 209 4
68 212 23
68 213 4
68 214 3
68 215 1
68 216 7
68 217 4
68 218 1
68 221 4
68 222 34
68 223 11
68 225 4
68 226 20
68 227 3
68 228 1
68 229 26
68 230 4
68 231 13
68 232 29
68 233 5
68 234 17
68 235 289
68 236 26
68 238 6
68 239 5
68 240 26
68 242 8
68 243 16
68 244 29
68 247 7
68 249 6
68 250 6
68 251 4
68 252 5
68 253 14
68 254 3
68 255 37
69 0 11
69 1 1
69 2 2
69 3 13
69 4 28
69 5 7
69 6 2
69 8 2
69 9 16
69 10 12
69 11 8
69 12 9
69 15 1
69 16 15
69 17 3
69 18 3
69 19 29
69 20 4
69 21 9
69 22 9
69 23 5
69 24 6
69 26 8
69 27 16
69 28 21
69 30 185
69 31 3
69 33 27
69 37 8
69 38 3
69 39 6
69 40 13
69 41 7
69 42 5
69 43 15
69 44 1
69 45 15
69 46 2
69 47 5
69 49 5
69 50 2
69 51 116
69 54 6
69 56 21
69 57 22
69 58 13
69 60 1
69 61 1
69 62 5
69 63 3
69 64 1
69 65 29
69 67 35
69 68 13
69 69 18
69 70 5
69 71 5
69 72 1
69 73 117
69 74 32
69 75 7
69 76 1
69 77 1
69 78 4
69 79 1
69 80 2
69 82 1
69 83 3
69 84 3
69 85 23
69 86 6
69 87 7
69 88 4
69 90 1
69 91 2
69 92 5
69 93 7
69 94 13
69 95 19
69 96 18
69 97 1
69 98 8
69 99 20
69 101 3
69 102 15
69 103 3
69 104 4
69 105 7
69 106 64
69 107 9
69 109 3
69 110 1
69 111 6
69 114 89
69 115 5
69 116 4
69 117 13
69 118 24
69 119 8
69 120 9
69 121 1
69 122 99
69 123 6
69 124 103
69 126 14
69 127 1
69 128 2
69 130 14
69 131 25
69 132 11
69 133 4
69 134 68
69 135 6
69 136 11
69 137 3
69 138 5
69 139 31
69 140 2
69 142 17
69 143 2
69 144 2
69 145 3
69 146 11
69 147 29
69 148 4
69 151 153
69 153 1
69 154 8
69 156 36
69 157 1
69 158 5
69 159 3
69 160 2
69 161 6
69 162 5
69 163 6
69 164 2
69 165 13
69 166 31
69 168 3
69 170 1
69 171 4
69 172 2
69 173 10
69 174 37
69 175 2
69 177 14
69 178 1
69 179 1
69 180 3
69 181 34
69 182 2
69 183 6
69 184 20
69 185 1
69 186 100
69 187 1
69 188 15
69 189 3
69 190 2
69 191 2
69 192 17
69 193 2
69 194 24
69 195 10
69 196 6
69 197 9
69 200 4
69 201 13
69 202 10
69 203 2
69 204 3
69 205 3
69 206 9
69 207 155
69 208 63
69 209 1
69 210 2
69 211 9
69 212 28
69 213 57
69 214 45
69 215 21
69 217 5
69 219 2
69 220 11
69 221 42
69 222 5
69 224 81
69 225 2
69 226 7
69 227 40
69 228 63
69 229 2
69 230 2
69 231 4
69 232 51
69 234 1
69 235 34
69 236 8
69 238 5
69 239 2
69 240 4
69 242 1
69 243 3
69 244 4
69 245 11
69 246 2
69 247 8
69 248 3
69 249 100
69 251 5
69 252 17
69 253 3
69 255 15
70 0 13
70 2 4
70 5 10
70 6 2
70 8 16
70 10 14
70 11 8
70 12 17
70 13 1
70 14 15
70 16 27
70 17 14
70 18 124
70 20 11
70 22 17
70 23 3
70 24 7
70 25 5
70 26 12
70 28 11
70 30 3
70 31 63
70 32 2
70 33 17
70 34 51
70 35 15
70 36 76
70 38 11
70 40 26
70 42 1
70 43 8
70 45 14
70 46 8
70 47 181
70 48 14
70 49 7
70 51 43
70 52 39
70 53 1
70 54 1
70 55 2
70 56 27
70 57 2
70 58 5
70 59 46
70 60 57
70 61 12
70 62 15
70 63 8
70 64 10
70 66 10
70 67 22
70 68 73
70 70 1
70 71 5
70 72 11
70 73 62
70 74 6
70 75 1
70 77 8
70 78 1
70 79 15
70 80 31
70 81 3
70 82 17
70 83 15
70 84 4
70 85 8
70 86 42
70 87 4
70 88 3
70 89 1
70 90 16
70 91 21
70 92 3
70 93 1
70 94 17
70 97 30
70 98 57
70 99 2
70 101 2
70 102 8
70 103 9
70 104 4
70 105 10
70 106 2
70 108 13
70 109 8
70 111 12
70 112 12
70 114 1
70 116 5
70 117 2
70 118 20
70 119 58
70 120 1
70 121 24
70 122 11
70 123 15
70 124 18
70 125 2
70 126 93
70 128 16
70 129 2
70 130 6
70 132 2
70 133 4
70 135 21
70 136 2
70 137 3
70 138 11
70 140 1
70 141 6
70 142 8
70 144 6
70 145 12
70 146 2
70 147 17
70 148 5
70 149 75
70 150 58
70 151 8
70 152 14
70 153 4
70 154 11
70 155 9
70 156 14
70 158 4
70 159 1
70 160 6
70 161 2
70 162 17
70 163 7
70 164 3
70 165 17
70 167 13
70 168 1
70 169 164
70 170 13
70 171 66
70 172 5
70 173 73
70 175 6
70 176 1
70 179 9
70 180 17
70 181 9
70 183 31
70 184 1
70 185 2
70 186 4
70 187 7
70 188 9
70 189 2
70 191 2
70 192 7
70 193 20
70 194 3
70 195 1
70 196 5
70 197 5
70 198 1
70 199 10
70 200 6
70 201 16
70 203 7
70 204 13
70 206 26
70 207 2
70 209 12
70 210 11
70 211 6
70 212 56
70 213 5
70 214 7
70 216 10
70 217 6
70 218 1
70 219 11
70 220 2
70 221 3
70 222 48
70 223 4
70 224 12
70 225 57
70 226 22
70 227 53
70 229 1
70 231 17
70 232 1
70 234 1
70 235 10
70 237 22
70 241 19
70 242 46
70 244 13
70 245 1
70 246 26
70 247 5
70 248 16
70 249 21
70 250 70
70 251 3
70 252 1
70 253 5
70 255 5
71 0 1
71 1 5
71 2 4
71 4 39
71 5 4
71 6 9
71 7 1
71 8 4
71 9 4
71 10 15
71 11 11
71 12 61
71 13 39
71 14 39
71 15 6
71 16 2
71 17 2
71 18 56
71 19 7
71 20 25
71 21 11
71 22 1
71 23 4
71 24 10
71 25 5
71 26 43
71 27 66
71 28 11
71 32 4
71 33 59
71 34 1
71 35 5
71 37 3
71 38 11
71 39 8
71 40 8
71 41 6
71 43 4
71 44 2
71 46 34
71 47 9
71 48 13
71 49 3
71 50 5
71 51 35
71 53 12
71 54 12
71 55 15
71 56 12
71 57 3
71 59 3
71 60 1
71 61 1
71 62 7
71 63 27
71 64 5
71 65 21
71 67 11
71 68 25
71 69 7
71 72 17
71 73 25
71 74 14
71 75 3
71 77 2
71 78 21
71 80 5
71 81 5
71 82 19
71 83 6
71 84 9
71 85 4
71 86 12
71 87 64
71 88 12
71 89 1
71 90 13
71 91 30
71 92 21
71 93 18
71 94 2
71 95 8
71 96 10
71 97 5
71 98 16
71 99 2
71 100 5
71 101 7
71 102 1
71 103 11
71 104 4
71 105 24
71 106 20
71 107 6
71 108 14
71 109 5
71 110 13
71 111 62
71 112 2
71 113 46
71 114 4
71 115 3
71 116 8
71 118 3
71 119 3
71 120 5
71 121 1
71 122 1
71 123 14
71 124 2
71 125 9
71 126 7
71 127 64
71 128 20
71 129 1
71 130 1
71 132 7
71 133 6
71 134 26
71 135 28
71 136 18
71 137 5
71 138 22
71 139 8
71 140 26
71 142 1
71 143 37
71 144 1
71 146 24
71 147 12
71 148 10
71 149 2
71 150 27
71 151 1
71 152 5
71 153 2
71 154 13
71 155 7
71 156 6
71 157 4
71 160 38
71 161 10
71 162 2
71 163 19
71 164 13
71 165 7
71 166 12
71 167 113
71 168 3
71 169 12
71 170 160
71 171 5
71 172 10
71 173 43
71 175 27
71 176 8
71 177 15
71 178 24
71 179 9
71 180 18
71 181 7
71 183 11
71 185 4
71 186 17
71 188 7
71 189 1
71 190 15
71 191 2
71 192 35
71 193 21
71 194 7
71 195 5
71 196 14
71 197 2
71 199 42
71 200 11
71 201 8
71 202 25
71 204 34
71 205 17
71 206 3
71 208 20
71 209 12
71 210 8
71 211 4
71 212 3
71 213 7
71 214 6
71 215 11
71 216 2
71 217 132
71 218 14
71 219 8
71 220 1
71 221 44
71 222 2
71 223 38
71 224 1
71 225 12
71 226 3
71 228 2
71 229 76
71 230 3
71 231 12
71 232 15
71 233 30
71 234 8
71 235 17
71 236 3
71 237 35
71 238 11
71 239 4
71 240 25
71 241 27
71 242 12
71 244 1
71 245 15
71 246 24
71 247 5
71 248 14
71 249 40
71 250 3
71 251 3
71 254 3
71 255 39
72 0 5
72 1 5
72 3 128
72 4 9
72 5 1
72 6 32
72 7 22
72 8 55
72 9 4
72 10 3
72 11 5
72 12 1
72 13 9
72 14 8
72 15 21
72 16 12
72 17 41
72 19 3
72 20 153
72 22 4
72 23 25
72 25 2
72 27 10
72 28 9
72 30 20
72 31 8
72 32 7
72 34 6
72 35 2
72 38 24
72 39 35
72 40 13
72 44 10
72 45 5
72 46 24
72 47 3
72 48 7
72 49 2
72 50 10
72 51 9
72 53 64
72 54 2
72 55 8
72 56 6
72 57 6
72 58 6
72 60 4
72 61 5
72 62 32
72 63 1
72 64 1
72 65 4
72 66 1
72 67 1
72 68 4
72 69 2
72 70 11
72 71 44
72 72 6
72 73 49
72 75 1
72 76 10
72 77 22
72 78 20
72 79 13
72 80 26
72 81 13
72 82 23
72 83 1
72 84 44
72 85 33
72 86 16
72 87 2
72 88 27
72 90 2
72 91 9
72 92 5
72 93 32
72 94 19
72 95 6
72 96 4
72 97 3
72 98 4
72 99 23
72 100 11
72 101 16
72 102 13
72 103 20
72 104 9
72 105 17
72 108 6
72 109 3
72 110 3
72 111 21
72 112 2
72 113 24
72 114 20
72 117 8
72 118 8
72 119 7
72 120 3
72 122 11
72 123 2
72 124 16
72 125 1
72 126 17
72 127 7
72 128 29
72 129 4
72 130 3
72 131 8
72 133 37
72 134 10
72 136 5
72 137 24
72 139 26
72 140 19
72 141 5
72 142 25
72 143 1
72 144 2
72 145 67
72 146 22
72 147 19
72 148 60
72 149 27
72 151 3
72 153 6
72 154 24
72 156 3
72 157 11
72 158 3
72 159 5
72 161 3
72 162 43
72 164 29
72 166 28
72 167 13
72 168 9
72 169 1
72 170 3
72 171 6
72 175 10
72 177 7
72 178 39
72 179 36
72 180 8
72 181 24
72 182 44
72 183 15
72 184 5
72 185 1
72 186 1
72 187 7
72 188 231
72 189 1
72 190 6
72 191 2
72 192 16
72 193 115
72 195 3
72 196 60
72 197 1
72 198 3
72 199 9
72 200 8
72 201 24
72 202 18
72 204 4
72 205 26
72 206 4
72 207 7
72 208 7
72 209 2
72 210 24
72 211 7
72 213 36
72 214 10
72 215 39
72 216 9
72 217 14
72 218 17
72 219 77
72 220 6
72 221 5
72 222 4
72 223 5
72 224 3
72 225 6
72 227 1
72 228 14
72 229 3
72 230 1
72 231 6
72 233 1
72 234 2
72 235 6
72 236 2
72 237 13
72 239 26
72 241 1
72 242 3
72 243 6
72 245 11
72 246 85
72 248 9
72 249 7
72 250 19
72 251 14
72 252 7
72 253 3
72 254 15
73 0 8
73 1 3
73 3 5
73 4 3
73 5 5
73 6 1
73 7 1
73 8 1
73 10 15
73 11 31
73 12 12
73 13 35
73 14 35
73 15 6
73 16 35
73 17 22
73 18 6
73 20 19
73 21 5
73 23 1
73 24 6
73 25 4
73 26 16
73 27 53
73 29 8
73 30 6
73 31 9
73 32 22
73 33 9
73 34 6
73 35 26
73 36 4
73 37 6
73 38 11
73 39 3
73 40 1
73 42 2
73 43 12
73 45 5
73 46 4
73 47 2
73 48 37
73 49 12
73 50 2
73 51 9
73 52 13
73 53 12
73 54 4
73 55 7
73 56 3
73 57 6
73 58 6
73 59 39
73 60 4
73 61 14
73 62 30
73 63 4
73 64 1
73 65 20
73 66 13
73 68 5
73 69 8
73 70 86
73 71 8
73 72 7
73 73 18
73 74 22
73 75 12
73 76 1
73 80 24
73 81 38
73 82 90
73 83 27
73 84 3
73 85 19
73 86 2
73 87 5
73 88 24
73 89 15
73 90 12
73 91 120
73 93 5
73 94 11
73 95 126
73 96 1
73 97 21
73 99 3
73 102 32
73 103 5
73 104 15
73 106 22
73 107 2
73 108 8
73 109 6
73 110 17
73 111 154
73 112 14
73 113 25
73 114 4
73 116 6
73 117 14
73 118 25
73 119 1
73 121 6
73 122 44
73 123 19
73 124 9
73 125 16
73 126 6
73 127 32
73 128 2
73 130 5
73 131 3
73 132 138
73 133 34
73 134 80
73 135 23
73 136 3
73 137 17
73 138 11
73 139 7
73 140 2
73 141 8
73 142 10
73 143 19
73 144 10
73 145 29
73 146 1
73 147 23
73 148 7
73 149 6
73 150 5
73 151 4
73 152 12
73 153 3
73 154 7
73 155 1
73 156 11
73 157 7
73 159 7
73 160 2
73 162 17
73 163 14
73 164 5
73 165 5
73 166 6
73 167 5
73 168 23
73 169 19
73 170 18
73 171 4
73 172 18
73 174 2
73 175 4
73 176 2
73 177 25
73 178 38
73 179 4
73 180 5
73 181 17
73 182 12
73 183 9
73 184 9
73 185 3
73 187 25
73 188 24
73 189 6
73 191 3
73 192 27
73 193 1
73 194 6
73 195 15
73 196 10
73 197 26
73 198 1
73 199 18
73 200 4
73 201 9
73 202 29
73 203 4
73 204 3
73 205 5
73 206 14
73 210 21
73 211 76
73 212 19
73 213 14
73 215 22
73 217 2
73 218 5
73 219 7
73 220 11
73 221 41
73 223 16
73 224 1
73 225 1
73 226 8
73 227 2
73 228 21
73 229 2
73 230 84
73 231 4
73 232 6
73 233 7
73 235 9
73 236 6
73 238 16
73 240 16
73 241 17
73 242 10
73 243 8
73 245 8
73 246 8
73 247 61
73 248 8
73 249 2
73 250 1
73 251 10
73 252 2
73 253 16
73 254 1
73 255 1
74 1 11
74 2 25
74 3 11
74 4 10
74 5 18
74 7 6
74 8 8
74 9 23
74 10 20
74 11 23
74 12 1
74 13 39
74 14 17
74 16 33
74 17 9
74 18 6
74 19 9
74 21 5
74 22 10
74 24 5
74 25 15
74 26 4
74 27 9
74 28 5
74 30 11
74 31 9
74 32 5
74 33 6
74 34 6
74 35 8
74 36 33
74 37 46
74 38 32
74 39 10
74 40 2
74 41 3
74 42 38
74 44 19
74 45 5
74 46 26
74 47 9
74 48 1
74 49 3
74 50 15
74 51 6
74 52 2
74 53 4
74 54 33
74 55 44
74 56 27
74 60 26
74 61 1
74 62 56
74 63 16
74 64 8
74 65 1
74 66 7
74 68 28
74 69 4
74 70 18
74 71 3
74 72 17
74 73 4
74 74 9
74 75 12
74 76 30
74 77 13
74 78 1
74 80 51
74 81 2
74 82 13
74 83 19
74 84 30
74 85 9
74 86 4
74 87 3
74 88 7
74 89 33
74 90 5
74 92 15
74 94 8
74 97 7
74 98 4
74 99 47
74 100 3
74 101 4
74 102 8
74 103 11
74 104 14
74 107 43
74 108 7
74 109 18
74 110 2
74 111 24
74 113 3
74 114 6
74 115 2
74 116 2
74 117 1
74 118 9
74 119 3
74 120 2
74 121 2
74 122 16
74 123 28
74 124 6
74 126 8
74 127 5
74 128 37
74 129 9
74 131 8
74 132 20
74 133 15
74 134 31
74 135 17
74 136 4
74 138 1
74 139 13
74 140 7
74 141 7
74 142 2
74 143 6
74 145 42
74 146 12
74 148 16
74 149 18
74 150 2
74 152 20
74 153 5
74 156 18
74 157 6
74 158 3
74 159 3
74 160 33
74 161 3
74 162 8
74 163 133
74 164 8
74 165 6
74 166 18
74 167 22
74 169 82
74 170 118
74 171 2
74 173 1
74 174 6
74 175 29
74 176 6
74 177 5
74 178 16
74 179 8
74 180 22
74 181 6
74 182 17
74 183 1
74 184 1
74 185 16
74 186 13
74 187 1
74 188 12
74 189 15
74 190 5
74 191 3
74 192 4
74 193 5
74 194 1
74 195 6
74 196 101
74 197 19
74 198 1
74 200 4
74 201 19
74 202 10
74 203 13
74 205 22
74 206 58
74 207 14
74 208 2
74 209 36
74 210 311
74 211 16
74 212 12
74 213 18
74 214 4
74 216 19
74 217 1
74 218 1
74 219 2
74 220 22
74 221 8
74 222 11
74 223 1
74 224 21
74 225 5
74 226 5
74 227 15
74 230 3
74 231 3
74 232 6
74 233 56
74 235 12
74 239 1
74 241 3
74 242 6
74 244 3
74 245 1
74 246 4
74 248 60
74 249 27
74 250 8
74 251 21
74 253 43
74 254 6
74 255 5
75 0 1
75 1 8
75 2 10
75 3 23
75 4 21
75 5 11
75 6 6
75 7 2
75 8 20
75 9 4
75 10 3
75 11 8
75 13 5
75 14 3
75 15 1
75 17 19
75 18 18
75 19 1
75 20 21
75 22 155
75 23 6
75 24 22
75 25 2
75 26 9
75 27 5
75 28 10
75 29 8
75 30 7
75 33 3
75 35 2
75 36 23
75 37 12
75 38 19
75 39 10
75 40 104
75 41 3
75 42 3
75 43 5
75 44 4
75 45 20
75 46 9
75 47 17
75 48 15
75 49 2
75 50 6
75 51 1
75 52 5
75 53 14
75 54 1
75 57 5
75 58 5
75 60 3
75 61 8
75 62 44
75 63 13
75 65 16
75 66 10
75 67 5
75 68 7
75 69 23
75 70 43
75 71 8
75 72 13
75 73 21
75 74 3
75 75 10
75 76 8
75 77 1
75 78 4
75 80 14
75 82 5
75 84 23
75 85 11
75 88 3
75 89 12
75 90 9
75 93 8
75 94 5
75 95 5
75 96 10
75 97 1
75 99 1
75 100 88
75 101 5
75 102 2
75 103 3
75 105 1
75 106 9
75 107 32
75 108 10
75 109 2
75 110 3
75 111 1
75 112 1
75 113 13
75 114 26
75 117 11
75 118 1
75 119 34
75 120 15
75 122 2
75 123 3
75 124 18
75 125 4
75 126 1
75 128 7
75 130 1
75 131 3
75 132 223
75 134 1
75 135 7
75 136 11
75 138 18
75 139 6
75 140 19
75 141 8
75 144 45
75 145 2
75 146 1
75 149 1
75 150 119
75 151 10
75 152 23
75 153 3
75 154 2
75 155 8
75 156 4
75 157 29
75 158 6
75 159 1
75 162 9
75 163 9
75 164 2
75 165 28
75 166 52
75 167 1
75 168 9
75 169 9
75 170 57
75 172 1
75 174 3
75 176 8
75 177 16
75 178 33
75 179 21
75 180 3
75 181 43
75 182 1
75 183 6
75 186 6
75 187 6
75 189 18
75 191 1
75 192 1
75 193 5
75 194 20
75 195 2
75 196 6
75 197 3
75 198 1
75 200 163
75 201 1
75 202 1
75 203 31
75 204 1
75 205 6
75 206 2
75 207 50
75 208 287
75 209 15
75 210 1
75 212 11
75 213 30
75 214 4
75 215 44
75 216 1
75 217 14
75 218 20
75 219 10
75 220 9
75 221 7
75 222 142
75 225 6
75 226 8
75 227 7
75 228 2
75 229 6
75 230 12
75 231 17
75 232 10
75 233 86
75 234 36
75 237 3
75 238 2
75 240 7
75 242 8
75 244 12
75 245 26
75 246 14
75 249 8
75 251 15
75 252 30
75 254 1
75 255 23
76 0 36
76 1 32
76 2 5
76 3 7
76 4 7
76 5 56
76 6 15
76 7 1
76 9 1
76 11 6
76 12 1
76 14 4
76 15 32
76 16 2
76 17 3
76 18 8
76 19 40
76 20 1
76 21 3
76 22 11
76 23 20
76 24 31
76 25 2
76 27 5
76 29 6
76 30 27
76 32 2
76 33 17
76 34 65
76 36 22
76 37 5
76 38 13
76 39 3
76 40 4
76 41 3
76 42 6
76 43 15
76 45 3
76 46 1
76 47 271
76 48 1
76 50 18
76 51 1
76 53 18
76 54 6
76 55 3
76 56 55
76 57 1
76 58 11
76 60 2
76 61 49
76 62 2
76 63 3
76 64 37
76 65 1
76 66 96
76 67 1
76 68 4
76 69 10
76 70 29
76 71 100
76 72 1
76 74 11
76 75 13
76 77 8
76 78 3
76 79 7
76 80 13
76 81 5
76 82 6
76 83 1
76 84 2
76 85 11
76 87 42
76 88 31
76 89 5
76 90 8
76 91 15
76 92 1
76 93 20
76 94 17
76 95 3
76 96 45
76 98 3
76 99 1
76 100 20
76 101 3
76 102 17
76 103 10
76 104 1
76 106 2
76 107 3
76 108 1
76 110 25
76 111 4
76 112 3
76 113 11
76 114 12
76 115 2
76 116 40
76 117 13
76 118 28
76 120 11
76 122 5
76 124 26
76 125 126
76 126 23
76 129 8
76 131 6
76 133 6
76 134 11
76 135 5
76 136 1
76 137 4
76 138 13
76 139 4
76 140 33
76 141 30
76 142 3
76 143 14
76 144 9
76 145 7
76 146 15
76 147 2
76 148 3
76 149 27
76 150 10
76 151 12
76 152 3
76 153 1
76 154 3
76 158 28
76 159 18
76 160 132
76 161 1
76 162 2
76 163 18
76 166 15
76 167 12
76 168 12
76 169 16
76 170 23
76 171 12
76 172 9
76 173 2
76 175 7
76 176 73
76 177 6
76 178 69
76 179 15
76 180 33
76 182 6
76 183 13
76 184 17
76 185 13
76 186 1
76 187 7
76 189 7
76 190 11
76 191 11
76 192 6
76 193 11
76 194 2
76 195 17
76 196 16
76 197 14
76 198 3
76 200 11
76 201 26
76 202 5
76 203 27
76 204 58
76 205 6
76 206 3
76 207 4
76 208 13
76 209 13
76 210 53
76 211 12
76 212 6
76 213 9
76 214 1
76 215 1
76 216 3
76 217 3
76 220 22
76 221 3
76 222 10
76 223 2
76 224 7
76 225 4
76 226 11
76 227 7
76 228 18
76 229 5
76 230 14
76 231 2
76 232 1
76 233 96
76 234 10
76 236 30
76 237 4
76 238 4
76 239 11
76 242 5
76 243 20
76 244 3
76 245 24
76 246 32
76 247 7
76 248 3
76 249 5
76 250 13
76 251 1
76 252 31
76 253 8
76 255 3
77 0 7
77 1 29
77 2 13
77 3 1
77 4 4
77 6 5
77 7 12
77 8 1
77 9 290
77 10 11
77 11 7
77 12 16
77 13 2
77 14 20
77 15 31
77 16 3
77 17 33
77 18 1
77 19 24
77 20 3
77 22 1
77 23 85
77 24 10
77 25 8
77 26 5
77 27 21
77 28 18
77 29 10
77 30 7
77 31 3
77 32 10
77 34 11
77 35 7
77 36 1
77 37 2
77 39 4
77 40 16
77 42 9
77 43 20
77 44 14
77 45 24
77 47 4
77 48 1
77 49 23
77 50 51
77 51 1
77 52 23
77 53 2
77 54 5
77 55 37
77 56 1
77 57 25
77 58 1
77 59 3
77 60 6
77 62 5
77 63 27
77 64 53
77 65 34
77 66 1
77 68 4
77 70 56
77 71 1
77 72 3
77 73 10
77 74 15
77 77 2
77 79 2
77 81 4
77 82 5
77 83 3
77 84 4
77 85 27
77 86 4
77 87 162
77 88 5
77 89 8
77 90 7
77 91 6
77 93 11
77 95 8
77 98 2
77 99 1
77 100 3
77 101 3
77 103 36
77 104 323
77 105 2
77 108 1
77 109 1
77 110 18
77 111 4
77 112 18
77 114 4
77 117 1
77 118 1
77 119 1
77 121 1
77 122 3
77 123 37
77 125 62
77 126 26
77 127 12
77 129 1
77 130 14
77 131 1
77 132 9
77 133 15
77 135 1
77 136 12
77 137 24
77 138 153
77 139 4
77 140 26
77 141 20
77 142 1
77 144 2
77 145 8
77 146 17
77 147 9
77 148 13
77 149 11
77 150 30
77 151 67
77 152 4
77 153 2
77 154 44
77 155 1
77 156 8
77 157 15
77 159 19
77 161 16
77 162 12
77 163 8
77 164 4
77 165 12
77 166 2
77 167 1
77 168 13
77 169 6
77 170 13
77 171 2
77 173 14
77 174 1
77 175 13
77 176 49
77 177 8
77 179 1
77 180 8
77 181 9
77 182 3
77 183 2
77 186 25
77 187 9
77 188 23
77 190 14
77 191 18
77 192 9
77 193 3
77 194 30
77 195 3
77 196 13
77 197 30
77 198 31
77 199 9
77 200 1
77 201 18
77 202 7
77 203 6
77 205 23
77 206 15
77 207 6
77 208 1
77 209 2
77 210 4
77 211 10
77 212 2
77 213 1
77 215 6
77 216 1
77 217 1
77 219 7
77 220 3
77 221 2
77 222 8
77 223 11
77 224 9
77 225 3
77 227 12
77 231 42
77 233 10
77 235 4
77 236 5
77 237 22
77 238 42
77 239 5
77 240 11
77 241 7
77 242 7
77 243 1
77 244 36
77 246 15
77 247 60
77 248 2
77 249 9
77 251 2
77 252 19
77 253 28
77 254 8
77 255 8
